ID,day,Gammaproteobacteria,Bacilli,Bacteroidia,Clostridia,Actinobacteria,Alphaproteobacteria,Erysipelotrichia,Fusobacteriia,Thermoleophilia,Negativicutes,Deinococci,others
CMU_16_12_face,21,0.033235389,0.151139534,0.039729376,0.102200054,0.632583521,0.003802563,0.01103731,0.010197783,0.001012371,0.006691523,0.001481518,0.006888598
CMU_16_12_face,20,0.02689755,0.301611857,0.011727132,0.022605918,0.599530915,0.009581316,0.001546983,0.002944259,0.002445232,0.005539199,0.000549,0.015019408
CMU_16_12_face,19,0.031820309,0.473561067,0.007487131,0.009124942,0.427468414,0.014272344,0.001169864,0.0,0.004679457,0.003977539,0.005381376,0.021057611
CMU_16_12_face,18,0.139516758,0.376461419,0.0,0.006235386,0.325019486,0.034294622,0.0,0.0,0.008573655,0.038191738,0.003117693,0.068589243
CMU_16_12_face,17,0.620169402,0.130757014,0.011646374,0.012175754,0.197723663,0.009793542,0.0,0.0,0.004235045,0.0,0.002646903,0.010851781
CMU_16_12_face,16,0.185415346,0.078757134,0.073684211,0.013316424,0.232974001,0.259480025,0.001521877,0.000888,0.012809131,0.001395054,0.004185162,0.1355751369999999
CMU_16_12_face,15,0.332061069,0.086513995,0.066157761,0.0,0.16475827,0.152671756,0.0,0.0,0.007633588,0.0,0.001272265,0.188931299
CMU_16_12_face,14,0.238520801,0.031124807,0.078890601,0.0,0.141448382,0.213867488,0.0,0.0,0.01972265,0.008012327,0.017565485,0.2508466259999999
CMU_16_12_face,13,0.321649485,0.058419244,0.07628866,0.027835052,0.157731959,0.146735395,0.0,0.0,0.027491409,0.000687,0.009278351,0.1738831619999999
CMU_16_12_face,12,0.933300149,0.007964161,0.007466401,0.000996,0.017421603,0.015928323,0.0,0.0,0.000996,0.0,0.000996,0.014934241
CMU_16_12_face,11,0.944444444,0.030864198,0.0,0.0,0.00617284,0.00617284,0.0,0.0,0.0,0.0,0.0,0.01234568
CMU_16_12_face,10,0.847029797,0.02562156,0.022964509,0.004175365,0.030556083,0.024103245,0.0,0.0,0.002277472,0.0,0.007211995,0.0360600799999999
CMU_16_12_face,9,0.613259669,0.220994475,0.0,0.0,0.082872928,0.027624309,0.0,0.0,0.0,0.0,0.022099448,0.033149171
CMU_16_12_face,8,0.76433121,0.101910828,0.0,0.0,0.038216561,0.082802548,0.0,0.0,0.0,0.0,0.012738854,0.0
CMU_16_12_face,7,0.714705882,0.113235294,0.007352941,0.0,0.138235294,0.002941176,0.0,0.0,0.0,0.0,0.0,0.023529411
CMU_16_12_face,6,0.968664737,0.004381976,0.004216618,0.0,0.006035552,0.005208764,0.0,0.000165,0.0,0.0,0.002149649,0.009177697
CMU_16_12_face,5,0.959478022,0.003434066,0.00206044,0.0,0.01510989,0.006181319,0.0,0.0,0.004120879,0.0,0.0,0.009615386
CMU_16_12_face,4,0.927678031,0.007363325,0.004942506,0.001008675,0.023804721,0.013717975,0.0,0.0,0.002319952,0.0,0.002420819,0.016744636
CMU_16_12_face,3,0.504950495,0.118811881,0.0,0.0,0.158415842,0.148514851,0.0,0.0,0.0,0.0,0.03960396,0.02970297
CMU_16_12_face,2,0.846597463,0.026528258,0.08650519,0.0,0.023068051,0.00922722,0.0,0.0,0.003460208,0.0,0.0,0.00461361
CMU_16_12_face,1,0.938967136,0.028169014,0.0,0.014084507,0.009389671,0.0,0.0,0.0,0.0,0.0,0.009389671,0.0
CMU_16_14_face,21,0.004793253,0.299305282,0.001425841,0.059369596,0.631768953,0.000546,0.0,6.07e-05,0.0,0.001122471,0.0,0.001607834
CMU_16_14_face,20,0.043891885,0.306576374,0.009350365,0.175893545,0.422322328,0.012595578,0.0,0.0,0.002948847,0.002074566,0.001496651,0.0228505919999999
CMU_16_14_face,19,0.403763031,0.148360031,0.027968472,0.082506992,0.275870837,0.020340707,0.0,0.0,0.006992118,0.012331554,0.005085177,0.016781271
CMU_16_14_face,18,0.074009032,0.230807827,0.007526342,0.21224285,0.450827898,0.009282489,0.0,0.0,0.000502,0.003512293,0.0,0.011290001
CMU_16_14_face,17,0.012437527,0.379470093,0.010041306,0.206211917,0.369154933,0.005271686,4.56e-05,0.000411,0.0,0.005819393,0.000365,0.010771317
CMU_16_14_face,16,0.233238905,0.264872521,0.037771483,0.103399433,0.279508971,0.01605288,0.0,0.0,0.0,0.002832861,0.005665722,0.056656937
CMU_16_14_face,15,0.134674923,0.273993808,0.03869969,0.084623323,0.355521156,0.063983488,0.0,0.0,0.00619195,0.004643963,0.008255934,0.029411764
CMU_16_14_face,14,0.054596242,0.263585576,0.062468258,0.13991874,0.320213306,0.088369731,0.0,0.0,0.003301168,0.006602336,0.008125952,0.052818944
CMU_16_14_face,13,0.16464891,0.365617433,0.020581114,0.069007264,0.245762712,0.062953995,0.0,0.0,0.0,0.008474576,0.0,0.062953994
CMU_16_14_face,12,0.138732394,0.167605634,0.063380282,0.105633803,0.34084507,0.084507042,0.0,0.0,0.019014085,0.0,0.0,0.0802816909999999
CMU_16_14_face,11,0.232646834,0.237223494,0.053394355,0.08085431,0.251716247,0.041952708,0.0,0.0,0.0,0.0,0.009916095,0.0922959579999999
CMU_16_14_face,10,0.297836938,0.151414309,0.048252912,0.071547421,0.212978369,0.143094842,0.0,0.0,0.0,0.0,0.011647255,0.063227954
CMU_16_14_face,9,0.489795918,0.091836735,0.051020408,0.0,0.132653061,0.173469388,0.0,0.0,0.0,0.0,0.06122449,0.0
CMU_16_14_face,8,0.080563948,0.270896274,0.007049345,0.047331319,0.498489426,0.069486405,0.0,0.0,0.014098691,0.0,0.007049345,0.005035247
CMU_16_14_face,7,0.162436548,0.355329949,0.0,0.025380711,0.289340102,0.126903553,0.0,0.0,0.0,0.0,0.010152284,0.030456852
CMU_16_14_face,6,0.198736842,0.310354067,0.015196172,0.000191,0.468210526,0.002947368,0.000727,0.0,0.00023,0.002258373,0.000115,0.001034
CMU_16_14_face,5,0.418300654,0.241830065,0.013071895,0.039215686,0.202614379,0.0,0.0,0.0,0.019607843,0.0,0.0,0.065359476
CMU_16_14_face,4,0.201219512,0.280487805,0.0,0.0,0.231707317,0.164634146,0.0,0.0,0.0,0.0,0.054878049,0.067073171
CMU_16_14_face,3,0.09795082,0.154508197,0.067622951,0.044262295,0.439754098,0.105737705,0.0,0.0,0.005737705,0.0,0.006147541,0.078279671
CMU_16_14_face,2,0.528301887,0.113207547,0.037735849,0.0,0.113207547,0.037735849,0.0,0.0,0.0,0.0,0.169811321,0.0
CMU_16_14_face,1,0.237762238,0.244755245,0.076923077,0.083916084,0.216783217,0.027972028,0.0,0.0,0.0,0.0,0.020979021,0.090909091
CMU_16_15_face,21,0.270548984,0.091901729,0.0,0.005762815,0.616621171,0.006369427,0.0,0.003336366,0.0,0.001819836,0.002123142,0.001517
CMU_16_15_face,20,0.585335413,0.025585023,0.0,0.001872075,0.374414977,0.00374415,0.0,0.0,0.0,0.0,0.00374415,0.005304212
CMU_16_15_face,19,0.249011858,0.359683794,0.015810277,0.035573123,0.225296443,0.079051383,0.0,0.0,0.0,0.0,0.019762846,0.015810276
CMU_16_15_face,18,0.079788826,0.807592015,0.013999915,0.000705,0.0871842,0.000727,0.000321,0.000492,4.27e-05,0.007844227,0.000256,0.0010467999999999
CMU_16_15_face,17,0.301452785,0.457627119,0.012711864,0.001210654,0.204600484,0.00968523,0.0,0.0,0.006658596,0.0,0.006053269,0.0
CMU_16_15_face,16,0.072479216,0.238328715,0.045619271,0.00255809,0.335749307,0.07269239,0.0,0.0,0.007247922,0.0,0.004689832,0.22063595
CMU_16_15_face,15,0.213648772,0.104094631,0.032939035,0.0,0.584349409,0.025295723,0.0,0.0,0.001819836,0.0,0.001819836,0.0360329529999999
CMU_16_15_face,14,0.116481775,0.582805071,0.011093502,0.001980983,0.210380349,0.033676704,0.0,0.0,0.003169572,0.000792,0.00792393,0.031695722
CMU_16_15_face,13,0.074738416,0.141106129,0.090284006,0.000598,0.367713004,0.156651719,0.0,0.0,0.017638266,0.0,0.008071749,0.1431988039999999
CMU_16_15_face,12,0.38254154,0.134121226,0.004259303,4.68e-05,0.454177393,0.004797566,0.0,0.000562,0.001123333,0.000445,0.000304,0.0176206399999999
CMU_16_15_face,11,0.150356681,0.718153524,0.011650646,0.000248,0.067727986,0.020519459,0.0,0.00011,0.003883549,0.00209326,0.000633,0.024624283
CMU_16_15_face,10,0.475887301,0.241357456,0.002938465,0.0,0.263453561,0.010111777,0.0,0.0,0.001238765,0.0,0.000605,0.004408105
CMU_16_15_face,9,0.350983359,0.237518911,0.003025719,0.0,0.387291982,0.006051437,0.0,0.0,0.0,0.0,0.0,0.015128593
CMU_16_15_face,8,0.641618497,0.315028902,0.0,0.011560694,0.01734104,0.0,0.002890173,0.0,0.0,0.0,0.0,0.011560694
CMU_16_15_face,7,0.382978723,0.19858156,0.035460993,0.0,0.156028369,0.120567376,0.0,0.0,0.0,0.0,0.056737589,0.04964539
CMU_16_15_face,6,0.739130435,0.173913043,0.043478261,0.0,0.043478261,0.0,0.0,0.0,0.0,0.0,0.0,0.0
CMU_16_15_face,5,0.514084507,0.183098592,0.028169014,0.0,0.264084507,0.01056338,0.0,0.0,0.0,0.0,0.0,0.0
CMU_16_15_face,4,0.456431535,0.078838174,0.087136929,0.0,0.315352697,0.033195021,0.0,0.0,0.008298755,0.0,0.0,0.0207468879999999
CMU_16_15_face,3,0.559670782,0.156378601,0.0,0.0,0.24691358,0.0,0.0,0.0,0.0,0.0,0.0,0.037037037
CMU_16_15_face,2,0.267326733,0.178217822,0.01980198,0.0,0.386138614,0.079207921,0.0,0.0,0.01980198,0.0,0.0,0.04950495
CMU_16_15_face,1,0.349514563,0.315533981,0.0,0.019417476,0.077669903,0.111650485,0.0,0.0,0.009708738,0.0,0.0,0.116504856
CMU_16_4_face,21,0.20440485,0.218262806,0.00569166,0.487750557,0.016827518,0.0,0.0,0.0,0.0,0.063598119,0.0,0.003464489
CMU_16_4_face,20,0.279555846,0.292619203,0.068582626,0.205747877,0.059438276,0.005878511,0.0,0.010450686,0.001306336,0.02743305,0.0,0.048987591
CMU_16_4_face,19,0.561355392,0.197912059,0.105193312,0.080686543,0.024860656,0.004600549,0.001150137,0.005131381,0.000708,0.008670265,0.0,0.009731711
CMU_16_4_face,18,0.590909091,0.142245989,0.112299465,0.05040107,0.041042781,0.007085561,0.005213904,0.002941176,0.002406417,0.010695187,0.001203209,0.033555252
CMU_16_4_face,17,0.530927835,0.113064053,0.2000169,0.062785195,0.03481494,0.009802265,0.002112557,0.000845,0.002197059,0.009210749,0.000592,0.033634265
CMU_16_4_face,16,0.176721738,0.061815482,0.009281604,0.710599592,0.01874884,0.003341377,0.0,0.0,0.0,0.0,0.0,0.0194917839999999
CMU_16_4_face,15,0.516025641,0.215811966,0.048504274,0.06025641,0.075641026,0.037179487,0.003418803,0.0,0.002991453,0.003205128,0.002777778,0.034187931
CMU_16_4_face,14,0.441373026,0.07472661,0.017314702,0.45018226,0.010935601,0.001215067,0.002126367,0.000608,0.0,0.0,0.0,0.001519
CMU_16_4_face,13,0.832834881,0.068566032,0.004722178,0.074704864,0.009129545,0.004218479,0.000441,0.0,0.0,0.003211081,0.0,0.002171616
CMU_16_4_face,12,0.918604651,0.046511628,0.014534884,0.020348837,0.0,0.0,0.0,0.0,0.0,0.0,0.0,0.0
CMU_16_4_face,11,0.5625,0.0,0.125,0.0,0.0,0.3125,0.0,0.0,0.0,0.0,0.0,0.0
CMU_16_4_face,10,0.881871564,0.077211394,0.00149925,0.027611194,0.005872064,0.001249375,0.001686657,0.0,0.000312,0.000125,0.0,0.0025599999999999
CMU_16_4_face,9,0.927486296,0.03367267,0.005951449,0.024275646,0.004072044,0.00047,0.001096319,0.0,0.000313,0.0,0.0,0.002662554
CMU_16_4_face,8,0.56612127,0.336862368,0.001924928,0.075360924,0.008084697,0.001924928,0.008373436,0.0,0.0,0.0,0.0,0.001346
CMU_16_4_face,7,0.534514078,0.11489555,0.026339691,0.157584015,0.09763851,0.033605813,0.005903724,0.0,0.006357856,0.0,0.0,0.023160498
CMU_16_4_face,6,0.487581637,0.337250322,0.024217,0.108881156,0.007341374,0.010058636,0.022667684,0.0,4.77e-05,0.000358,0.0,0.001598
CMU_16_4_face,5,0.377451952,0.404625096,0.03555153,0.120354383,0.033032353,0.003708002,0.021880042,0.0,0.0,0.0,0.0,0.0033977039999999
CMU_16_4_face,4,0.807116329,0.102911226,0.023601294,0.046962981,0.005510962,0.003474302,0.003474302,0.0,0.0,0.000359,0.0,0.006589587
CMU_16_4_face,3,0.509367887,0.180178603,0.067763964,0.125897391,0.04114866,0.01786027,0.013132551,0.0,0.004727718,0.002101208,0.000876,0.036944533
CMU_16_4_face,2,0.448163561,0.193776009,0.081599421,0.151619323,0.055907364,0.019902298,0.012846029,0.0,0.00162837,0.0,0.0,0.034559447
CMU_16_4_face,1,0.483353884,0.260172626,0.035758323,0.077681874,0.038224414,0.030826141,0.007398274,0.0,0.0,0.012330456,0.0,0.054254006
CMU_16_5_face,21,0.155343586,0.393030952,0.030367919,0.013431964,0.167412887,0.000779,0.004282655,0.011874635,0.0,0.214716761,0.0,0.008759977
CMU_16_5_face,20,0.101923502,0.523767411,0.031837276,0.00707495,0.064558921,0.000884,0.005969489,0.011717886,0.0,0.245191245,0.0,0.00707449
CMU_16_5_face,19,0.049959547,0.375101133,0.010315534,0.03236246,0.447512136,0.002427184,0.001921521,0.000607,0.00111246,0.076557443,0.0,0.002123
CMU_16_5_face,18,0.031450463,0.422576622,0.00890948,0.010602281,0.384265859,0.001692801,0.008018532,0.00427655,0.0,0.122683535,0.0,0.005523214
CMU_16_5_face,17,0.464285714,0.125,0.049107143,0.013392857,0.325892857,0.0,0.0,0.0,0.0,0.008928571,0.0,0.013392857
CMU_16_5_face,16,0.5,0.224272173,0.09140149,0.006431957,0.146750169,0.0,0.000508,0.0,0.0,0.029113067,0.0,0.001523
CMU_16_5_face,15,0.624093698,0.240936977,0.06469604,0.012269939,0.056218628,0.000223,0.000335,0.000446,0.0,0.000558,0.0,0.000223
CMU_16_5_face,14,0.628456446,0.203946514,0.129559912,0.015188887,0.008308451,0.0,0.012722316,0.0,0.000779,0.000519,0.0,0.00052
CMU_16_5_face,13,0.478578629,0.276209677,0.121975806,0.044102823,0.006804435,0.000756,0.010500672,0.000168,0.0,0.060063844,0.0,0.00084
CMU_16_5_face,12,0.588322746,0.141505609,0.169482362,0.050412218,0.030950128,0.001621841,0.009190431,0.0,0.00027,0.004595216,0.0,0.003649
CMU_16_5_face,11,0.591610836,0.061025342,0.03524614,0.046169531,0.247305564,0.008010486,0.002912904,0.0,0.001165162,0.0,0.000437,0.006118065
CMU_16_5_face,10,0.316473318,0.150116009,0.102552204,0.06937355,0.334570766,0.009976798,0.009976798,0.0,0.000464,0.001160093,0.0,0.005336352
CMU_16_5_face,9,0.295314542,0.056001493,0.409557588,0.18788501,0.019973866,0.001306702,0.011106963,0.0,0.0,0.016520441,0.0,0.002333694
CMU_16_5_face,8,0.517827298,0.107149489,0.185143918,0.141039926,0.037047354,0.001021356,0.008263695,0.0,0.000464,0.001392758,0.0,0.00065
CMU_16_5_face,7,0.42680776,0.111111111,0.176366843,0.253968254,0.005291005,0.0,0.014109347,0.0,0.0,0.0,0.0,0.012345679
CMU_16_5_face,6,0.235294118,0.029411765,0.044117647,0.617647059,0.044117647,0.0,0.0,0.0,0.0,0.0,0.0,0.029411765
CMU_16_5_face,5,0.350960675,0.023343509,0.596695996,0.022176333,0.003232178,0.001616089,0.000808,0.0,0.00018,0.0,0.0,0.000988
CMU_16_5_face,4,0.701744072,0.085243974,0.0856359,0.106212032,0.009210268,0.00098,0.008426416,0.0,0.0,0.0,0.0,0.002547595
CMU_16_5_face,3,0.728813559,0.06779661,0.0,0.18079096,0.0,0.011299435,0.0,0.0,0.0,0.0,0.0,0.011299435
CMU_16_5_face,2,0.634146341,0.118466899,0.0,0.167247387,0.041811847,0.006968641,0.006968641,0.0,0.0,0.0,0.0,0.024390244
CMU_16_5_face,1,0.46404248,0.118088422,0.011312478,0.392358305,0.004848205,0.0,0.009003809,0.0,0.0,0.0,0.0,0.000346
CMU_16_9_face,21,0.014960898,0.822594356,0.019041142,0.009775587,0.084155049,0.025756545,0.0,0.000595,0.002550153,0.001105066,0.000255,0.01921079
CMU_16_9_face,20,0.029382635,0.456916474,0.05216243,0.01848795,0.118520964,0.15318587,0.0,0.002310994,0.020798944,0.0,0.024100363,0.124132955
CMU_16_9_face,19,0.296690307,0.185973207,0.048463357,0.02679275,0.149921198,0.135933806,0.0,0.0,0.021867612,0.000394,0.008865248,0.1250984919999999
CMU_16_9_face,18,0.150140917,0.426594927,0.074045606,0.032282859,0.082756854,0.086343838,0.0,0.014347937,0.007173969,0.005124263,0.010248527,0.110939812
CMU_16_9_face,17,0.338308458,0.154228856,0.07960199,0.089552239,0.119402985,0.129353234,0.0,0.009950249,0.0,0.0,0.0,0.079601991
CMU_16_9_face,16,0.444324118,0.047776787,0.047840489,0.320677793,0.000319,0.0,0.002611798,0.039368072,0.0,0.077971716,0.0,0.019110715
CMU_16_9_face,15,0.421822897,0.070952205,0.039088551,0.348462393,0.011856243,0.00537236,0.001296777,0.035198222,0.000371,0.022045202,0.00148203,0.042052805
CMU_16_9_face,14,0.414454976,0.072116904,0.068404423,0.33878357,0.016982622,0.007819905,0.003317536,0.031595577,0.000158,0.025039494,0.000869,0.0204587439999999
CMU_16_9_face,13,0.119960797,0.799150604,0.008428618,0.035674616,0.007905913,0.008624632,0.001502777,0.004835021,0.002548187,0.001698791,0.0,0.009671503
CMU_16_9_face,12,0.201388889,0.236111111,0.111111111,0.020833333,0.104166667,0.097222222,0.0,0.0,0.090277778,0.0,0.0,0.138888889
CMU_16_9_face,11,0.095939244,0.26115933,0.012089275,0.461097334,0.042312461,0.073620583,0.008369498,0.000465,0.00449473,0.0,0.00216987,0.038282893
CMU_16_9_face,10,0.098734177,0.37721519,0.0,0.275949367,0.081012658,0.065822785,0.0,0.0,0.037974684,0.005063291,0.010126582,0.048101265
CMU_16_9_face,9,0.041214962,0.209688446,0.036917668,0.255396035,0.095126477,0.160953218,0.001660318,0.002441645,0.017091513,0.009571247,0.009375916,0.160560622
CMU_16_9_face,8,0.027278287,0.030458716,0.110458716,0.079877676,0.156330275,0.269724771,0.00146789,0.0,0.022262997,0.002691131,0.019082569,0.2803676779999999
CMU_16_9_face,7,0.068552203,0.296709074,0.039217748,0.129849648,0.127115971,0.158027547,0.008095889,0.0,0.017663758,0.0,0.010198717,0.144567899
CMU_16_9_face,6,0.387096774,0.248533724,0.112609971,0.088416422,0.03914956,0.050293255,0.003812317,0.0,0.007184751,0.0,0.003225806,0.059678145
CMU_16_9_face,5,0.036823936,0.185270426,0.054372842,0.0929229,0.153912543,0.186708861,0.000575,0.0,0.034810127,0.003739931,0.004602992,0.246260009
CMU_16_9_face,4,0.028271736,0.357616979,0.03040236,0.368270098,0.058837991,0.080717856,0.003523724,0.003605671,0.007784971,0.000901,0.002704253,0.057362593
CMU_16_9_face,3,0.009362389,0.036803874,0.0322841,0.610169492,0.114447135,0.084100081,0.002582728,0.0,0.006941082,0.0,0.013236481,0.090072175
CMU_16_9_face,2,0.009528236,0.034046014,0.006855682,0.819428306,0.036718568,0.052172903,0.00174297,0.0,0.007785266,0.00116198,0.001510574,0.029049174
CMU_16_9_face,1,0.082518442,0.307428375,0.051123692,0.133642134,0.056098816,0.117172757,0.009950249,0.0,0.020586722,0.0,0.002058672,0.219419906
CMU_17_1_face,21,0.784266344,0.090168703,0.026088513,0.000716,0.033293059,0.02125565,0.0,0.0,0.00281917,0.000134,0.001029221,0.040229227
CMU_17_1_face,20,0.071441458,0.764207108,0.009742017,0.001984485,0.079018582,0.0467256,0.0,0.0,0.003788562,0.002886524,0.004690601,0.015515249
CMU_17_1_face,19,0.116819903,0.651162791,0.047052461,0.00757166,0.090859924,0.02433748,0.0,0.0,0.005949162,0.009734992,0.0,0.046511627
CMU_17_1_face,18,0.005798352,0.98159862,0.001341767,0.000144,0.007715162,0.002779375,0.0,0.0,0.0,0.000288,0.0,0.0003358
CMU_17_1_face,17,0.045283019,0.113077424,0.131554977,0.00039,0.345738452,0.195055303,0.0,0.0,0.022251139,0.001171113,0.006376057,0.1391018989999999
CMU_17_1_face,16,0.342140921,0.193089431,0.008807588,0.006775068,0.172086721,0.172086721,0.0,0.0,0.001355014,0.0,0.070460705,0.033197831
CMU_17_1_face,15,0.0,0.0,0.0,0.0,0.0,0.0,0.0,0.0,0.0,0.0,0.0,0.0
CMU_17_1_face,14,0.377440347,0.246203905,0.130151844,0.019522777,0.111713666,0.022776573,0.0,0.0,0.015184382,0.0,0.02494577,0.052060738
CMU_17_1_face,13,0.060650029,0.446894951,0.070806732,0.007254788,0.192687174,0.172373767,0.0,0.0,0.003482298,0.010737086,0.007254788,0.027858387
CMU_17_1_face,12,0.098984772,0.547377327,0.071912014,0.02284264,0.155668359,0.046531303,0.0,0.0,0.012690355,0.013536379,0.004230118,0.026226734
CMU_17_1_face,11,0.118911175,0.583094556,0.042979943,0.0,0.075931232,0.084527221,0.0,0.0,0.0,0.012893983,0.015759312,0.065902579
CMU_17_1_face,10,0.51529052,0.102446483,0.016819572,0.0,0.203363914,0.077981651,0.0,0.0,0.0,0.0,0.04587156,0.0382263
CMU_17_1_face,9,0.593613933,0.152394775,0.01161103,0.0,0.069666183,0.113207547,0.0,0.0,0.0,0.0,0.03628447,0.023222061
CMU_17_1_face,8,0.183959262,0.61744112,0.073201782,0.0,0.08975175,0.008911521,0.0,0.0,0.0,0.001909612,0.010184596,0.014640356
CMU_17_1_face,7,0.4,0.226086957,0.156521739,0.0,0.017391304,0.060869565,0.0,0.0,0.017391304,0.026086957,0.095652174,0.0
CMU_17_1_face,6,0.849627175,0.033495088,0.07699136,0.000237,0.018227009,0.011303113,0.0,0.0,0.001420286,0.002426323,0.000888,0.005385608
CMU_17_1_face,5,0.896919793,0.038426349,0.032936871,0.0,0.008234218,0.011283928,0.0,0.0,0.001219884,0.003964623,0.000915,0.006099594
CMU_17_1_face,4,0.976782753,0.00781041,0.005349596,0.0,0.002032847,0.005242604,0.0,0.0,0.000107,0.0,0.001818863,0.000856
CMU_17_1_face,3,0.387518379,0.057670315,0.130534226,0.001306976,0.041986603,0.30174808,0.0,0.0,0.000327,0.003104068,0.0081686,0.067635776
CMU_17_1_face,2,0.692307692,0.045248869,0.045248869,0.0,0.099547511,0.045248869,0.0,0.0,0.0,0.009049774,0.0,0.0633484169999999
CMU_17_1_face,1,0.349938673,0.060854798,0.113312577,0.0,0.148032833,0.157656383,0.0,0.0,0.003113501,0.0,0.002924804,0.164165581
CMU_17_10_face,21,0.006847097,0.79888966,0.029331483,0.006523248,0.153550775,0.001295397,0.0,0.0,0.0,9.25e-05,0.000139,0.0033308499999999
CMU_17_10_face,20,0.042502952,0.53364817,0.040141677,0.0,0.237308146,0.06729634,0.0,0.0,0.0094451,0.0,0.005903188,0.063754428
CMU_17_10_face,19,0.248247664,0.242406542,0.038551402,0.001168224,0.245911215,0.101635514,0.0,0.0,0.006425234,0.0,0.001168224,0.1144859789999999
CMU_17_10_face,18,0.422671353,0.067662566,0.061511424,0.001757469,0.172231986,0.10456942,0.0,0.0,0.001757469,0.0,0.001757469,0.166080843
CMU_17_10_face,17,0.628396144,0.078220859,0.033523225,0.007449606,0.096844873,0.070552147,0.000438,0.0,0.004820333,0.000438,0.00219106,0.077123843
CMU_17_10_face,16,0.810955835,0.087347918,0.017807654,0.061304715,0.015979716,0.001808283,0.0,0.0,3.93e-05,0.000216,0.000177,0.0043636779999999
CMU_17_10_face,15,0.980110258,0.002621338,0.001107988,0.013863366,0.001351205,0.000378,0.0,0.0,8.11e-05,0.000108,0.0,0.0003779999999999
CMU_17_10_face,14,0.967602249,0.014599845,0.000834,0.012831973,0.003674791,0.000199,0.0,0.0,5.96e-05,7.95e-05,0.0,0.0001192
CMU_17_10_face,13,0.963181005,0.012034477,0.001463653,0.017628883,0.004358432,0.000943,0.0,0.0,0.0,0.0,0.000195,0.0001950999999999
CMU_17_10_face,12,0.72485893,0.09037225,0.027426622,0.129915577,0.020296575,0.001574734,0.000481,0.0,0.000175,0.0,0.003543152,0.001355
CMU_17_10_face,11,0.288611544,0.14274571,0.028861154,0.48673947,0.044851794,0.00078,0.0,0.0,0.0,0.0,0.0,0.007410296
CMU_17_10_face,10,0.744436613,0.094921626,0.035444568,0.101903132,0.011378512,0.006478032,6.71e-05,0.0,0.000134,0.0,0.000235,0.0050024169999999
CMU_17_10_face,9,0.255568356,0.142050691,0.028110599,0.545852535,0.013863287,0.006797235,0.001574501,0.0,0.000115,0.000115,0.001228879,0.0047233999999999
CMU_17_10_face,8,0.183224756,0.5,0.043973941,0.17019544,0.040716612,0.028501629,0.003257329,0.0,0.002442997,0.0,0.005700326,0.02198697
CMU_17_10_face,7,0.142063937,0.50897364,0.101233875,0.180482333,0.017049916,0.018620303,0.00779585,0.0,0.003252944,0.000112,0.00028,0.0201342029999999
CMU_17_10_face,6,0.264270613,0.185200846,0.11205074,0.238477801,0.059196617,0.084989429,0.00422833,0.0,0.005496829,0.0,0.004651163,0.041437968
CMU_17_10_face,5,0.385262946,0.067078079,0.12744835,0.010028173,0.130768715,0.107693856,0.002481889,0.047860209,0.008183526,0.000268,0.006204722,0.106721194
CMU_17_10_face,4,0.04195826,0.749406398,0.013777806,0.135653587,0.011903274,0.018964009,0.014433892,0.0,0.000281,6.25e-05,0.000625,0.012934813
CMU_17_10_face,3,0.152507677,0.610030706,0.030706244,0.113101331,0.018423746,0.022517912,0.027123849,0.0,0.005117707,0.0,0.002558854,0.017911973
CMU_17_10_face,2,0.321880651,0.416946525,0.012916559,0.164815293,0.030999742,0.021183157,0.014208215,0.0,0.001291656,0.000517,0.001291656,0.013951241
CMU_17_10_face,1,0.157950756,0.217270986,0.074646988,0.396154119,0.031966224,0.046122188,0.009472788,0.001951323,0.008266515,0.003086639,0.002057759,0.051051353
CMU_17_12_face,21,0.076555696,0.218289086,0.114201433,0.018822868,0.355106054,0.110970642,0.0,0.008990027,0.006461582,0.007163928,0.012080348,0.071358953
CMU_17_12_face,20,0.353612167,0.182509506,0.057034221,0.024714829,0.169201521,0.095057034,0.0,0.0,0.0,0.0,0.011406844,0.106463877
CMU_17_12_face,19,0.110739004,0.769479795,0.020875195,0.004800179,0.024447421,0.022996205,0.0,0.0,0.000893,0.002902434,0.008372405,0.034494506
CMU_17_12_face,18,0.113445378,0.717887155,0.035414166,0.00120048,0.040816327,0.048619448,0.0,0.0,0.00240096,0.00240096,0.009003601,0.028811523
CMU_17_12_face,17,0.063749849,0.656647679,0.058174767,0.003999515,0.060477518,0.080232699,0.0,0.0,0.010665374,0.0,0.007150648,0.058903225
CMU_17_12_face,16,0.133971292,0.292822967,0.051674641,0.009569378,0.133971292,0.224880383,0.0,0.001913876,0.010526316,0.0,0.005741627,0.1349282319999999
CMU_17_12_face,15,0.383155397,0.357058126,0.060498221,0.0,0.079478055,0.055753262,0.002372479,0.0,0.002372479,0.0,0.004744958,0.054567022
CMU_17_12_face,14,0.269736842,0.157894737,0.078947368,0.0,0.098684211,0.282894737,0.0,0.0,0.019736842,0.0,0.0,0.0921052629999999
CMU_17_12_face,13,0.109685788,0.423753243,0.299509945,0.013116172,0.050590948,0.047708273,0.000288,0.000721,0.00807149,0.0,0.005332949,0.0412222479999999
CMU_17_12_face,12,0.084637426,0.527771655,0.228454926,0.023253251,0.074278157,0.02832268,0.000551,0.0,0.004628609,0.0,0.006942914,0.021160929
CMU_17_12_face,11,0.285769703,0.093101442,0.126980022,0.003685265,0.119221569,0.167453288,0.000323,0.0,0.02702528,0.0,0.007758453,0.1686832909999999
CMU_17_12_face,10,0.192372406,0.100392597,0.100813236,0.00028,0.216629277,0.203449243,0.0,0.0,0.02425687,0.0,0.006590017,0.155215057
CMU_17_12_face,9,0.028843338,0.268228404,0.418155198,0.006295754,0.091215227,0.063543192,0.001610542,0.0,0.011859444,0.0,0.004245974,0.106001542
CMU_17_12_face,8,0.049249098,0.297424281,0.546018961,0.008725564,0.02198171,0.035489554,0.008054367,0.000587,0.00251699,0.000252,0.003355986,0.026343311
CMU_17_12_face,7,0.014677539,0.442253521,0.391697554,0.005337287,0.042846553,0.037509266,0.003558191,0.0,0.006078577,0.0,0.001186064,0.054855999
CMU_17_12_face,6,0.157988871,0.216017488,0.337042925,0.004769475,0.090222576,0.082472178,0.00536566,0.000397,0.021065183,0.0,0.004968203,0.079688887
CMU_17_12_face,5,0.102975654,0.199098287,0.206672678,0.019477006,0.128764653,0.169161407,0.00613165,0.002885482,0.032281335,0.001983769,0.003967538,0.126602059
CMU_17_12_face,4,0.179464677,0.065525815,0.09814246,0.002193945,0.156355127,0.20608454,0.001755156,0.0,0.042416264,0.0,0.009507094,0.238556823
CMU_17_12_face,3,0.118742724,0.195576251,0.147846333,0.01862631,0.165308498,0.139697322,0.0,0.0,0.023282887,0.0,0.029103609,0.1618160649999999
CMU_17_12_face,2,0.103448276,0.563218391,0.103448276,0.034482759,0.022988506,0.137931034,0.0,0.0,0.0,0.0,0.034482759,0.0
CMU_17_12_face,1,0.233038348,0.296460177,0.207227139,0.025811209,0.053834808,0.069321534,0.005899705,0.0,0.029498525,0.0,0.003687316,0.07522124
CMU_17_4_face,21,0.132786274,0.204960836,0.044293174,0.0,0.591477061,0.011469601,0.0,0.0,0.0,0.001771727,0.002890712,0.01034942
CMU_17_4_face,20,0.518630413,0.117041513,0.185073291,0.001454627,0.152176346,0.01253217,0.002349782,0.0,0.0,0.003916303,0.000448,0.006377831
CMU_17_4_face,19,0.955828907,0.019010344,0.017705712,0.000466,0.003168391,0.001770571,0.00028,0.0,0.0,0.0,0.0,0.0017699999999999
CMU_17_4_face,18,0.921893632,0.053183878,0.006200811,0.0,0.010612926,0.006439304,0.0,0.0,0.000596,0.0,0.0,0.001073
CMU_17_4_face,17,0.802236085,0.135380378,0.024386292,0.000486,0.016041481,0.011909584,0.000162,0.0,0.000567,0.0,0.003888844,0.0049412289999999
CMU_17_4_face,16,0.781655253,0.115984263,0.033367332,0.005464083,0.02528049,0.018942154,0.006046918,0.000656,0.000801,0.0,0.001748506,0.010052646
CMU_17_4_face,15,0.263288288,0.663828829,0.008783784,0.049099099,0.002612613,0.001351351,0.007837838,0.0,0.0,0.0,0.000315,0.002882306
CMU_17_4_face,14,0.353159107,0.500350456,0.026534495,0.063983178,0.022729548,0.010213277,0.010013017,0.0,0.000701,0.0,0.000701,0.011612633
CMU_17_4_face,13,0.468007313,0.215722121,0.124314442,0.100548446,0.02559415,0.016453382,0.018281536,0.0,0.0,0.0,0.0,0.03107861
CMU_17_4_face,12,0.66395395,0.15045653,0.080786026,0.060341405,0.014092894,0.012107979,0.006550218,0.0,0.0,0.0,0.000397,0.011313642
CMU_17_4_face,11,0.507312996,0.260447137,0.0281028,0.117425825,0.018909319,0.017342248,0.040952779,0.0,0.000418,0.0,0.001044714,0.008043485
CMU_17_4_face,10,0.349467297,0.32999365,0.008184576,0.273336626,0.009031257,0.006773442,0.017991957,0.0,0.000141,0.0,0.000353,0.004728361
CMU_17_4_face,9,0.610214677,0.176698938,0.00378841,0.146672279,0.006314017,0.037089004,0.016135822,0.0,0.0,0.0,0.0,0.0030865
CMU_17_4_face,8,0.403728988,0.246641709,0.019966234,0.220362622,0.025985466,0.030609998,0.023709902,0.0,0.002422374,0.0,0.002936211,0.0236372069999999
CMU_17_4_face,7,0.566276162,0.130446229,0.0,0.278399368,0.000263262,0.00079,0.016585494,0.0,0.0,0.0,0.0,0.0072397
CMU_17_4_face,6,0.443737525,0.255239521,0.004303892,0.222055888,0.011539421,0.009481038,0.042103293,0.0,0.001060379,0.0,0.000873,0.009606147
CMU_17_4_face,5,0.482333254,0.123165192,0.001004064,0.338130528,0.004303132,0.00315563,0.042361941,0.0,0.000383,0.0,0.000622,0.004541294
CMU_17_4_face,4,0.793498825,0.05979476,0.001146592,0.133807258,0.002522502,0.001490569,0.005045004,0.0,0.0,0.0,0.0,0.0026948429999999
CMU_17_4_face,3,0.482771933,0.088891034,0.000676,0.393784384,0.000772,0.000965,0.02287424,0.0,0.0,0.0,0.000193,0.009072483
CMU_17_4_face,2,0.265531694,0.120729943,0.000482,0.553058121,0.001854531,0.000482,0.043136382,0.0,7.42e-05,0.0,0.0,0.01464922
CMU_17_4_face,1,0.372688278,0.195626187,0.004500387,0.368398847,0.007945995,0.005836439,0.033260671,0.0,0.000633,0.0,0.000492,0.010618906
SHSU_2016_11_face,21,0.994601542,0.001542416,0.00218509,0.0,0.0009,0.000257,0.0,0.0,0.0,0.0,0.0,0.000514
SHSU_2016_11_face,20,0.998556012,0.000684,0.0,0.0,0.0,0.0,0.000304,0.0,0.000152,0.0,0.0,0.000304
SHSU_2016_11_face,19,0.786561265,0.15965984,0.021080369,0.0,0.004072344,0.008863337,0.0,0.001077973,0.000719,0.0,0.0,0.017967879
SHSU_2016_11_face,18,0.508602891,0.306721725,0.163799036,0.004435268,0.001682343,0.004129387,0.002676455,0.002141164,0.000382,0.0,0.0,0.005429566
SHSU_2016_11_face,17,0.421610623,0.349004069,0.207646177,0.007282073,0.000964,0.002034697,0.009209681,0.000535,0.000643,0.0,0.0,0.00107
SHSU_2016_11_face,16,0.545329971,0.192994957,0.197873273,0.055086604,0.00011,0.0,0.006961193,0.000384,0.0,0.0,0.0,0.001261063
SHSU_2016_11_face,15,0.522154431,0.284306861,0.133476695,0.046959392,0.00125025,0.00085,0.00725145,0.00085,0.0001,0.0,0.0,0.00280048
SHSU_2016_11_face,14,0.490963984,0.346770421,0.088361611,0.055194115,0.001998554,0.003401794,0.005357826,0.002891525,0.000383,0.000383,0.0,0.0042950479999999
SHSU_2016_11_face,13,0.386771511,0.421121938,0.088566161,0.07927311,0.00173069,0.001091087,0.016102938,0.0014297,0.000414,0.0,0.0,0.0034984919999999
SHSU_2016_11_face,12,0.574867781,0.182398985,0.101840491,0.10780622,0.001523165,0.002157817,0.016035541,0.001777026,0.000592,8.46e-05,0.0,0.010915517
SHSU_2016_11_face,11,0.701333161,0.190719648,0.025304168,0.068793684,0.001035465,0.002329795,0.006342221,0.00148848,0.000647,0.000518,0.0,0.0014889999999999
SHSU_2016_11_face,10,0.45808225,0.236705783,0.044190718,0.19885823,0.006977482,0.013109208,0.022095359,0.002960144,0.002537266,0.00190295,0.0,0.012579063
SHSU_2016_11_face,9,0.37254902,0.366869506,0.014604462,0.116565247,0.07464503,0.020283976,0.009601082,0.0,0.00581474,0.0,0.0,0.0190663519999999
SHSU_2016_11_face,8,0.200943767,0.590444357,0.041683052,0.059771923,0.050334251,0.004128982,0.0043256,0.000393,0.001179709,0.042469524,0.0,0.004325363
SHSU_2016_11_face,7,0.661069759,0.11505395,0.043794357,0.136806878,0.014021118,0.006520108,0.011482315,0.003462005,0.001904102,0.000923,0.0,0.004962604
SHSU_2016_11_face,6,0.385632386,0.449397449,0.010881011,0.068328068,0.047736048,0.007839008,0.02035802,0.000585,0.002808003,0.000468,0.0,0.005967004
SHSU_2016_11_face,5,0.513683384,0.230456986,0.038758675,0.129893937,0.052245646,0.016236742,0.009034961,0.000524,0.001178473,0.0,0.0,0.007988015
SHSU_2016_11_face,4,0.646068478,0.211425689,0.050318431,0.028375055,0.009710574,0.003089728,0.005233621,0.0,0.000315,0.0,0.0,0.045462808
SHSU_2016_11_face,3,0.827762722,0.07222975,0.036096055,0.020137007,0.005382415,0.022282445,0.00666215,0.000753,0.001279735,0.002672388,0.0,0.0047433269999999
SHSU_2016_11_face,2,0.324481714,0.311437223,0.024411833,0.314931283,0.00368041,0.00423946,0.004565572,0.007081295,0.000326,0.001444212,0.0,0.0034006609999999
SHSU_2016_11_face,1,0.267160711,0.340702129,0.009859951,0.350436476,0.009231929,0.002449287,0.014381712,0.000879,0.0,0.0,0.0,0.004898112
SHSU_2016_24_face,21,0.602272727,0.125,0.0,0.0,0.034090909,0.170454545,0.0,0.0,0.0,0.0,0.0,0.068181818
SHSU_2016_24_face,20,0.415686275,0.431372549,0.023529412,0.078431373,0.031372549,0.007843137,0.0,0.0,0.0,0.0,0.0,0.011764706
SHSU_2016_24_face,19,0.934664118,0.012741559,0.003326963,0.002689885,0.016351667,0.010264033,0.0,0.0,0.006016847,0.001203369,0.0,0.0127414609999999
SHSU_2016_24_face,18,0.720708225,0.010443864,0.240127285,0.001305483,0.00546671,0.009464752,0.00049,0.000245,0.00122389,0.0,0.0,0.010525571
SHSU_2016_24_face,17,0.435139045,0.002250442,0.55184054,0.000321,0.000321,0.0,0.010126989,0.0,0.0,0.0,0.0,0.0
SHSU_2016_24_face,16,0.875121007,0.031857784,0.056851184,0.000176,0.00088,0.000264,0.028689607,0.000704,0.0,0.0,0.0,0.005456306
SHSU_2016_24_face,15,0.537202961,0.037267887,0.371120634,0.006103103,0.00026,0.002077652,0.011556941,0.031554344,0.00026,0.00026,0.0,0.0023375329999999
SHSU_2016_24_face,14,0.522717169,0.033342225,0.293233751,0.012936783,0.002489553,0.004490086,0.012047657,0.102916333,0.0008,0.003467591,0.0,0.0115588229999999
SHSU_2016_24_face,13,0.596629379,0.013467766,0.214306741,0.010303209,0.00117751,0.00081,0.006844274,0.146305564,0.000147,0.009346482,0.0,0.000662
SHSU_2016_24_face,12,0.467609756,0.016097561,0.332829268,0.008195122,0.000878,0.000927,0.007853659,0.156829268,0.0,0.006634146,0.0,0.0021464
SHSU_2016_24_face,11,0.580623306,0.049627371,0.252879404,0.015243902,0.00203252,0.002710027,0.014566396,0.072831978,0.000508,0.007960705,0.0,0.001017
SHSU_2016_24_face,10,0.609026645,0.047670836,0.15588182,0.021207178,0.001087548,0.003262643,0.015588182,0.127968099,0.000906,0.01051296,0.0,0.0068901259999999
SHSU_2016_24_face,9,0.386779427,0.132550915,0.212461167,0.056610287,0.026234035,0.030721436,0.100621332,0.020193303,0.008284432,0.008802209,0.0,0.016741533
SHSU_2016_24_face,8,0.479968475,0.092998818,0.190332326,0.074609221,0.00525417,0.013266781,0.085642979,0.04282149,0.002495731,0.002889794,0.0,0.0097209019999999
SHSU_2016_24_face,7,0.456748851,0.034684496,0.315224962,0.040395598,0.006407578,0.007243349,0.032316479,0.08817384,0.001114361,0.012257975,0.0,0.00543215
SHSU_2016_24_face,6,0.705752212,0.057522124,0.095132743,0.0,0.044247788,0.0,0.066371681,0.004424779,0.0,0.017699115,0.0,0.008849558
SHSU_2016_24_face,5,0.389619377,0.02366782,0.439031142,0.009134948,0.005259516,0.007750865,0.007197232,0.094532872,0.00083,0.015778547,0.0,0.007197782
SHSU_2016_24_face,4,0.429615691,0.019034523,0.445538105,0.006151842,0.001302743,0.006730839,0.021712383,0.062242165,0.000217,0.004342477,0.0,0.0031122449999999
SHSU_2016_24_face,3,0.554057054,0.016095016,0.35020535,0.003885004,0.000833,0.003330003,0.007603508,0.056055056,0.000333,0.003052503,0.0,0.004551004
SHSU_2016_24_face,2,0.701579385,0.061457467,0.123912441,0.021003048,0.009587143,0.04100859,0.014408423,0.012856747,0.002105846,0.003602106,0.0,0.008479373
SHSU_2016_24_face,1,0.294727953,0.125708771,0.337254192,0.136204609,0.003920859,0.021413922,0.015140548,0.034503559,0.002835083,0.017794668,0.0,0.0104961139999999
SHSU_2016_64_face,21,0.05899705,0.516224189,0.014749263,0.014749263,0.386430678,0.008849558,0.0,0.0,0.0,0.0,0.0,0.0
SHSU_2016_64_face,20,0.326666667,0.386666667,0.0,0.0,0.26,0.0,0.0,0.026666667,0.0,0.0,0.0,0.0
SHSU_2016_64_face,19,0.794403198,0.039805825,0.135693889,0.0,0.019760137,0.003655054,0.0,0.0,0.001484866,0.0,0.002055968,0.003140409
SHSU_2016_64_face,18,0.827311522,0.03997155,0.121194879,0.009672831,0.001849218,0.0,0.0,0.0,0.0,0.0,0.0,0.0
SHSU_2016_64_face,17,0.443844575,0.132689529,0.382708539,0.035434568,0.00038,0.0,0.002585355,0.002357235,0.0,0.0,0.0,0.0
SHSU_2016_64_face,16,0.354204921,0.411861917,0.209419758,0.020381932,0.000459,0.000184,0.001285347,0.002203452,0.0,0.0,0.0,0.0
SHSU_2016_64_face,15,0.258290741,0.424581006,0.209200048,0.090336384,0.000832,0.00356591,0.003922501,0.00618091,0.000238,0.001901819,0.0,0.000951
SHSU_2016_64_face,14,0.4464145,0.353427896,0.10415025,0.078014184,0.000657,0.003677436,0.002495403,0.00748621,0.0,0.000919,0.000394,0.0023649999999999
SHSU_2016_64_face,13,0.31078354,0.472492761,0.095112749,0.108274107,0.001403878,0.00219356,0.002018075,0.005440028,0.000877,0.00079,0.000175,0.0004377
SHSU_2016_64_face,12,0.317564081,0.461981765,0.090830896,0.119559608,0.000258,0.000172,0.00335455,0.005074832,0.0,0.000688,0.000344,0.000172
SHSU_2016_64_face,11,0.293515704,0.462107396,0.095542047,0.118439716,0.002532928,0.011854103,0.005471125,0.003039514,0.002330294,0.000405,0.000709,0.004052831
SHSU_2016_64_face,10,0.271331058,0.47440273,0.07337884,0.100682594,0.0,0.027303754,0.027303754,0.0,0.0,0.0,0.0221843,0.003412969
SHSU_2016_64_face,9,0.170810218,0.603999726,0.043695637,0.159578111,0.006369427,0.001027327,0.011506061,0.000548,0.000137,0.000342,0.0,0.001985769
SHSU_2016_64_face,8,0.156012843,0.603911267,0.032983071,0.167834209,0.021599533,0.006129597,0.009194396,0.001167542,0.0,0.000292,0.0,0.000876
SHSU_2016_64_face,7,0.141655298,0.493292406,0.018303774,0.150409277,0.179740791,0.004092769,0.010686676,0.0,0.0,0.0,0.001023192,0.000796
SHSU_2016_64_face,6,0.212389381,0.407079646,0.0,0.159292035,0.168141593,0.03539823,0.017699115,0.0,0.0,0.0,0.0,0.0
SHSU_2016_64_face,5,0.085264484,0.532241814,0.00302267,0.135138539,0.233375315,0.002267003,0.006171285,0.0,0.001259446,0.0,0.0,0.00126
SHSU_2016_64_face,4,0.124313327,0.275076297,0.010783316,0.054120041,0.518209563,0.005900305,0.004883011,0.0,0.002848423,0.0,0.00061,0.003255424
SHSU_2016_64_face,3,0.097309674,0.808733339,0.004088642,0.015373293,0.048654837,0.008995012,0.00114482,0.001635457,0.003516232,0.0,0.000327,0.010221644
SHSU_2016_64_face,2,0.054157744,0.241880799,0.01213419,0.100017844,0.578783012,0.003568879,0.006513205,0.0,0.001070664,0.0,0.000714,0.001159
SHSU_2016_64_face,1,0.134458416,0.218508714,0.01632473,0.09750717,0.513015663,0.00595632,0.008382969,0.000221,0.002095742,0.000221,0.0,0.003309067
SHSU_2016_65_face,21,0.047058824,0.782352941,0.0,0.035294118,0.094117647,0.0,0.0,0.0,0.0,0.017647059,0.023529412,0.0
SHSU_2016_65_face,20,0.720484201,0.065241314,0.171985537,0.004873448,0.02027983,0.007231567,0.0,0.0,0.0,0.004244616,0.003301368,0.00235812
SHSU_2016_65_face,19,0.890715238,0.011994669,0.087516659,0.004664594,0.001110618,0.001332741,0.000666,0.0,0.000777,0.0,0.0,0.001221
SHSU_2016_65_face,18,0.542219304,0.374655286,0.019172685,0.037688772,0.000263,0.0,0.026001313,0.0,0.0,0.0,0.0,0.0
SHSU_2016_65_face,17,0.457287728,0.344362324,0.045032657,0.12487109,0.000344,0.0,0.026813338,0.000773,0.0,0.000172,0.000172,0.000172
SHSU_2016_65_face,16,0.286078765,0.544354311,0.039120764,0.116381002,0.000131,0.000393,0.01282219,0.000523,0.0,0.0,0.0,0.000196
SHSU_2016_65_face,15,0.265627065,0.421303026,0.162547905,0.135192282,0.0,0.000264,0.009118541,0.002510903,0.0,0.0,0.0,0.003435972
SHSU_2016_65_face,14,0.325299131,0.40156667,0.067917707,0.189721959,0.0,0.000258,0.00921064,0.00352931,0.0,0.0,0.0,0.002496342
SHSU_2016_65_face,13,0.222166373,0.302186479,0.194672028,0.25885901,0.002663986,0.002312139,0.006584569,0.004976125,0.000101,0.001206333,0.0,0.004273889
SHSU_2016_65_face,12,0.20169754,0.372827895,0.077765671,0.306417388,0.003440959,0.005792281,0.013018294,0.010552274,0.0,0.001777829,0.000229,0.006480041
SHSU_2016_65_face,11,0.190445449,0.44012266,0.078760491,0.240800516,0.018398967,0.006294383,0.009522272,0.006294383,0.001613944,0.001613944,0.000323,0.005810861
SHSU_2016_65_face,10,0.143044619,0.555237414,0.043903603,0.218086376,0.019207826,0.00656168,0.004056311,0.003698401,0.001193033,0.000835,0.0,0.004176336
SHSU_2016_65_face,9,0.117954402,0.483375554,0.066181127,0.235592147,0.055889804,0.009183027,0.008866371,0.009183027,0.001424953,0.003958201,0.002058265,0.0063338259999999
SHSU_2016_65_face,8,0.128452061,0.502053533,0.065288203,0.245786716,0.04531936,0.000566,0.006797904,0.002761648,0.000283,0.000212,0.000779,0.00169923
SHSU_2016_65_face,7,0.082994777,0.498549042,0.016976204,0.345763204,0.046285548,0.003337203,0.003627394,0.0,0.0,0.00029,0.00029,0.001885958
SHSU_2016_65_face,6,0.14423874,0.420834485,0.026250345,0.327530625,0.052684904,0.009947499,0.005986921,0.001381597,0.002118449,0.0,0.001105278,0.0079220039999999
SHSU_2016_65_face,5,0.072130342,0.224905846,0.036187981,0.26518749,0.393646635,0.002701818,0.002456198,0.000164,0.000655,0.000655,0.0,0.00131
SHSU_2016_65_face,4,0.073492341,0.133120031,0.006786892,0.271087842,0.492146597,0.009307737,0.005235602,0.000582,0.003393446,0.000291,0.000194,0.004364378
SHSU_2016_65_face,3,0.318529862,0.209800919,0.017434327,0.087760631,0.355990105,0.003298386,0.003651785,0.000236,0.001531394,0.0,0.0,0.001768
SHSU_2016_65_face,2,0.312664618,0.280728709,0.015693591,0.201163301,0.180201932,0.003292362,0.002524144,0.0,0.000878,0.0,0.0,0.002852199
SHSU_2016_65_face,1,0.094205794,0.248351648,0.052247752,0.165734266,0.415484515,0.007692308,0.008791209,0.0003,0.000999,0.0,0.0005,0.0056949039999999
SHSU_2016_67_face,21,0.017883756,0.661698957,0.010432191,0.005961252,0.274217586,0.004470939,0.0,0.0,0.008941878,0.013412817,0.002980626,0.0
SHSU_2016_67_face,20,0.143370662,0.575141712,0.053919535,0.103414904,0.099543758,0.014240288,0.000691,0.002212084,0.000968,0.002350339,0.000415,0.00373338
SHSU_2016_67_face,19,0.212904081,0.691706412,0.065447801,0.00145734,0.022257552,0.001722311,0.00053,0.0,0.000265,0.000265,0.0,0.003443854
SHSU_2016_67_face,18,0.973194918,0.024016114,0.000775,0.000465,0.000775,0.0,0.0,0.0,0.000775,0.0,0.0,0.0
SHSU_2016_67_face,17,0.84050787,0.115575267,0.039307766,0.001739282,0.000522,0.000696,0.000957,0.0,0.000522,0.0,0.0,0.000174
SHSU_2016_67_face,16,0.67120636,0.253231939,0.058209471,0.013688213,0.000277,0.0,0.002281369,0.001106118,0.0,0.0,0.0,0.0
SHSU_2016_67_face,15,0.427556922,0.330844132,0.168826415,0.063840691,0.0,0.0,0.00204993,0.006735486,0.0,0.0,0.0,0.000146
SHSU_2016_67_face,14,0.347648125,0.255720325,0.284170972,0.101925787,0.0,0.0,0.001342012,0.00919278,0.0,0.0,0.0,0.0
SHSU_2016_67_face,13,0.455558189,0.332069211,0.170893577,0.03804219,0.000237,0.0,0.001422138,0.001777672,0.0,0.0,0.0,0.0
SHSU_2016_67_face,12,0.311067722,0.501284555,0.086116535,0.073579283,0.020758401,0.000206,0.004829925,0.001849759,0.0,0.000308,0.0,0.0
SHSU_2016_67_face,11,0.438481992,0.318588349,0.026770607,0.018612521,0.197002659,0.0,0.000544,0.0,0.0,0.0,0.0,0.0
SHSU_2016_67_face,10,0.621833561,0.108154544,0.217410459,0.047623243,0.000704877,0.000352,0.000793,0.000793,0.0,0.00220274,0.0,0.000132
SHSU_2016_67_face,9,0.713571961,0.172930649,0.062192394,0.045190157,0.002013423,0.001193139,0.000969,0.00082,0.0,0.000447,0.0,0.0006709999999999
SHSU_2016_67_face,8,0.746422352,0.119103506,0.094571061,0.033467101,0.000984,0.000984,0.001287196,0.001892936,0.000151,0.00053,0.0,0.000605
SHSU_2016_67_face,7,0.667193196,0.170959903,0.092466586,0.049696233,0.005953827,0.003523694,0.00218712,0.000729,0.0,0.000729,0.0,0.006561321
SHSU_2016_67_face,6,0.534883721,0.26744186,0.069767442,0.034883721,0.023255814,0.0,0.0,0.0,0.0,0.0,0.069767442,0.0
SHSU_2016_67_face,5,0.683277246,0.186901372,0.06212788,0.05669169,0.003624126,0.002135646,0.002459229,0.001100181,0.000453,0.000777,0.0,0.000452
SHSU_2016_67_face,4,0.646638773,0.194198047,0.08167364,0.055006974,0.008145049,0.002900976,0.0041841,0.0027894,0.000837,0.001450488,0.0,0.002178
SHSU_2016_67_face,3,0.534553048,0.266580491,0.069404395,0.094561002,0.02217361,0.002386398,0.006363727,0.001789798,0.0,0.0,0.001491498,0.000696
SHSU_2016_67_face,2,0.61687137,0.215176616,0.066361992,0.080167571,0.013710368,0.000476,0.005903075,0.000571,0.0,0.000381,0.0,0.00038
SHSU_2016_67_face,1,0.58329407,0.240492697,0.070000673,0.079019991,0.013057818,0.003769267,0.003500034,0.001682708,0.001009625,0.000808,0.000269,0.0030973339999999
SHSU_2016_7_face,21,0.426786954,0.060143419,0.263243118,0.003469813,0.055517002,0.165394402,0.0,0.0,0.0,0.003469813,0.0,0.02197548
SHSU_2016_7_face,20,0.640219677,0.237789203,0.055036223,0.019864454,0.022201449,0.009932227,0.000584,0.005258238,0.001752746,0.001752746,0.0,0.005608943
SHSU_2016_7_face,19,0.407956229,0.207112732,0.169383335,0.002279722,0.032258065,0.070671378,0.0,0.00057,0.016869942,0.0,0.0,0.092899069
SHSU_2016_7_face,18,0.824707846,0.113522538,0.035058431,0.016694491,0.0,0.006677796,0.0,0.0,0.0,0.0,0.0,0.003338898
SHSU_2016_7_face,17,0.687129049,0.061047991,0.132779379,0.104290317,0.001187044,0.003391555,0.001356622,0.007122266,0.0,0.0,0.0,0.001696
SHSU_2016_7_face,16,0.357278729,0.460221551,0.049345418,0.120622133,0.000224,0.0,0.002685465,0.0079445,0.0,0.001678416,0.0,0.0
SHSU_2016_7_face,15,0.414623793,0.131592911,0.298949379,0.112437653,0.002387775,0.006632707,0.002387775,0.024355301,0.000584,0.002016343,0.0,0.004031035
SHSU_2016_7_face,14,0.320530486,0.350413365,0.186445057,0.130037892,0.000775,0.001033414,0.0,0.007922838,0.000603,0.001377885,0.0,0.00086
SHSU_2016_7_face,13,0.525139665,0.207945376,0.098430434,0.147024918,0.001684845,0.003192338,0.005054536,0.00833555,0.000355,0.002216902,0.0,0.00062
SHSU_2016_7_face,12,0.439070116,0.240869891,0.126059243,0.176003,0.00015,0.0,0.000675,0.013798275,0.00015,0.0006,0.0,0.002624672
SHSU_2016_7_face,11,0.386584289,0.318799647,0.083436305,0.18664313,0.002177111,0.002059429,0.003295087,0.01129744,0.000588,0.003295087,0.0,0.001824
SHSU_2016_7_face,10,0.504417617,0.159303972,0.114925474,0.109462467,0.007756121,0.01355635,0.00357456,0.061914076,0.004721117,0.003844338,0.0,0.016525682
SHSU_2016_7_face,9,0.484339349,0.217797138,0.0369218,0.238747148,0.004770794,0.004355943,0.007674756,0.003733665,0.000622,0.0,0.0,0.001037
SHSU_2016_7_face,8,0.457047872,0.154720745,0.091023936,0.286170213,0.001994681,0.002327128,0.001529255,0.002194149,0.000665,0.0,0.0,0.002326
SHSU_2016_7_face,7,0.368463074,0.094610778,0.221556886,0.248037259,0.003193613,0.006520293,0.007717898,0.034863606,0.003858949,0.00572189,0.0,0.00545468
SHSU_2016_7_face,6,0.516165756,0.096766849,0.029371585,0.236338798,0.044398907,0.061247723,0.006147541,0.000455,0.0,0.0,0.0,0.009107095
SHSU_2016_7_face,5,0.635308039,0.147844094,0.064344353,0.138155462,0.006730271,0.002514607,0.000961,0.00229273,0.000148,0.000222,0.0,0.0014792619999999
SHSU_2016_7_face,4,0.5511176,0.321827094,0.044147808,0.061667883,0.013244342,0.003267633,0.000939,0.000765,0.00073,0.00118191,0.0,0.001113
SHSU_2016_7_face,3,0.532067856,0.278804314,0.069496122,0.097117992,0.017342499,0.001198209,0.0013874,0.000757,0.000757,0.000189,0.0,0.000882
SHSU_2016_7_face,2,0.205706145,0.346825455,0.318404325,0.097866589,0.000694,0.000219,0.00095,0.024366187,0.000146,0.003068605,0.0,0.001754241
SHSU_2016_7_face,1,0.191947181,0.566639299,0.03855364,0.180042419,0.003694581,0.005062945,0.002326218,0.005131363,0.000616,0.002326218,0.0,0.003659991
SHSU_2016_72_face,21,0.020194323,0.760144789,0.001047819,0.007715755,0.189750429,0.006191656,0.000762,0.0,0.004572299,0.000572,0.000286,0.008765168
SHSU_2016_72_face,20,0.428571429,0.142857143,0.0,0.0,0.142857143,0.071428571,0.0,0.0,0.071428571,0.0,0.142857143,0.0
SHSU_2016_72_face,19,0.970139228,0.025891549,0.000244,0.000427,0.002320469,0.000122,0.0,0.0,0.000122,0.0,0.000427,0.000305
SHSU_2016_72_face,18,0.662555735,0.098662366,0.228346457,0.0,0.007968883,0.000949,0.0,0.0,0.0,0.0,0.00123328,0.000285
SHSU_2016_72_face,17,0.984882599,0.00989064,0.004905114,0.0,0.0,0.000322,0.0,0.0,0.0,0.0,0.0,0.0
SHSU_2016_72_face,16,0.25440351,0.038066972,0.707271437,0.000129,0.0,0.000129,0.0,0.0,0.0,0.0,0.0,0.0
SHSU_2016_72_face,15,0.706512778,0.173360028,0.118125074,0.001531033,0.0,0.0,0.0,0.0,0.0,0.0,0.0,0.000472
SHSU_2016_72_face,14,0.827857361,0.058274916,0.113258153,0.000122,0.000366,0.000122,0.0,0.0,0.0,0.0,0.0,0.0
SHSU_2016_72_face,13,0.848250587,0.053713566,0.096718777,0.000286,0.000172,0.0,0.00063,0.0,0.000115,0.0,0.0,0.000115
SHSU_2016_72_face,12,0.883886256,0.04639561,0.065352956,0.002993265,0.0,0.0,0.000249,0.0,0.000249,0.0,0.0,0.0008719999999999
SHSU_2016_72_face,11,0.924494649,0.030469679,0.042583234,0.001337693,0.0,0.0,0.000966,0.0,0.0,0.0,0.0,0.000149
SHSU_2016_72_face,10,0.883624716,0.093687442,0.012144668,0.010543174,0.0,0.0,0.0,0.0,0.0,0.0,0.0,0.0
SHSU_2016_72_face,9,0.828563056,0.149018267,0.016118003,0.006300674,0.0,0.0,0.0,0.0,0.0,0.0,0.0,0.0
SHSU_2016_72_face,8,0.816419562,0.150520027,0.006063288,0.025802169,8.85e-05,0.000221,0.00031,0.000221,8.85e-05,0.000133,0.0,0.000133
SHSU_2016_72_face,7,0.747016239,0.213167678,0.014869888,0.022598317,0.000196,0.00088,0.000391,0.000489,0.0,0.000147,0.0,0.0002448
SHSU_2016_72_face,6,0.637402934,0.306514236,0.013912856,0.03850302,0.000431,0.000431,0.001078516,0.001725626,0.0,0.0,0.0,0.0
SHSU_2016_72_face,5,0.427620632,0.485514339,0.016002741,0.065185475,0.000196,0.000587,0.002153274,0.001908584,0.000294,0.0,0.000147,0.000392
SHSU_2016_72_face,4,0.427620632,0.485514339,0.016002741,0.065185475,0.000196,0.000587,0.002153274,0.001908584,0.000294,0.0,0.000147,0.000392
SHSU_2016_72_face,3,0.705664649,0.233204162,0.008185658,0.048678539,0.000479,0.000522,0.00061,0.002264118,0.0,0.0,0.0,0.000392
SHSU_2016_72_face,2,0.229832444,0.509217654,0.153613572,0.103052954,0.000336,8.4e-05,0.001679755,0.001763742,8.4e-05,0.0,0.0,0.000336
SHSU_2016_72_face,1,0.539123079,0.343930636,0.053432962,0.061257578,0.000141,0.0,0.000705,0.001409841,0.0,0.0,0.0,0.0
SHSU_2016_73_face,21,0.027860815,0.871935908,0.0,0.001315317,0.065765873,0.001913189,0.0,0.0,0.000478,0.027741241,0.0,0.002988743
SHSU_2016_73_face,20,0.823259373,0.076511094,0.08951798,0.0,0.0,0.006885998,0.0,0.0,0.0,0.0,0.003825555,0.0
SHSU_2016_73_face,19,0.636656244,0.308350193,0.031819018,0.012782785,0.005517749,0.0,0.0,0.0,0.0,0.004506161,0.0,0.000368
SHSU_2016_73_face,18,0.533231743,0.041378502,0.423397023,0.0,0.000469,0.000938,0.0,0.0,0.0,0.0,0.0,0.000586
SHSU_2016_73_face,17,0.705833815,0.061638749,0.229391864,0.000165,0.001072696,0.000413,0.000165,0.0,0.000165,0.000578,0.0,0.000578
SHSU_2016_73_face,16,0.807322534,0.084814961,0.1053602,0.000395,0.000263,0.00079,0.00079,0.0,0.0,0.0,0.0,0.000263
SHSU_2016_73_face,15,0.8506386,0.057355724,0.089758751,0.0,0.0,0.000355,0.001892148,0.0,0.0,0.0,0.0,0.0
SHSU_2016_73_face,14,0.859336513,0.066715581,0.068392642,0.0,0.001467428,0.000786,0.003196897,0.0,0.0,0.0,0.0,0.000105
SHSU_2016_73_face,13,0.871689956,0.062456574,0.06091253,0.000386,0.000618,0.000463,0.002856481,0.0,0.0,0.0,0.000154,0.000463
SHSU_2016_73_face,12,0.880176068,0.059015324,0.047603521,0.006358005,0.00114118,0.000489,0.005216824,0.0,0.0,0.0,0.0,0.0
SHSU_2016_73_face,11,0.90633984,0.060599183,0.0257225,0.003555757,0.000151,0.000303,0.002647904,0.0,0.000303,0.0,0.0,0.0003779999999999
SHSU_2016_73_face,10,0.932568375,0.05328513,0.006287331,0.005658598,0.0,0.0,0.002200566,0.0,0.0,0.0,0.0,0.0
SHSU_2016_73_face,9,0.877988808,0.062743768,0.046294726,0.006359166,0.000763,0.001356622,0.002882822,0.000424,0.00017,0.0,0.0,0.001017
SHSU_2016_73_face,8,0.929877374,0.025144982,0.032228076,0.004294125,0.000708,0.002302005,0.003939971,0.0,8.85e-05,0.0,0.0,0.001417
SHSU_2016_73_face,7,0.891750142,0.061472311,0.024475524,0.019136269,0.0,0.0,0.002693253,0.0,0.0,0.0,0.000236,0.0002365
SHSU_2016_73_face,6,0.810583601,0.132680827,0.031880762,0.022052552,0.000162,0.0,0.00166511,0.00065,0.0,0.0,0.0,0.0003252
SHSU_2016_73_face,5,0.631625355,0.287890663,0.04105026,0.034975997,9.8e-05,0.000196,0.002988145,0.00049,9.8e-05,0.0,0.0,0.000588
SHSU_2016_73_face,4,0.744805482,0.196894341,0.012986295,0.042164014,0.000332,0.0,0.002044651,0.000442,0.0,0.0,0.0,0.000332
SHSU_2016_73_face,3,0.796387225,0.137303482,0.038199919,0.023334384,0.000225,0.00018,0.002747872,0.000631,0.00018,0.0,0.0,0.0008100999999999
SHSU_2016_73_face,2,0.332033729,0.574440112,0.056578112,0.033774594,0.000816,0.000227,0.001722731,0.000272,0.0,0.0,0.0,0.000136
SHSU_2016_73_face,1,0.570149254,0.340371314,0.044994539,0.037968693,0.002548234,0.000582,0.003094285,0.000146,7.28e-05,0.0,0.0,7.28e-05
SHSU_2016_76_face,21,0.65060241,0.168674699,0.024096386,0.0,0.156626506,0.0,0.0,0.0,0.0,0.0,0.0,0.0
SHSU_2016_76_face,20,0.072269807,0.825374732,0.007066381,0.003533191,0.04261242,0.02012848,0.0,0.0,0.00620985,0.0,0.0,0.022805078
SHSU_2016_76_face,19,0.387931034,0.517241379,0.034482759,0.017241379,0.025862069,0.0,0.0,0.0,0.0,0.0,0.017241379,0.0
SHSU_2016_76_face,18,0.789473684,0.210526316,0.0,0.0,0.0,0.0,0.0,0.0,0.0,0.0,0.0,0.0
SHSU_2016_76_face,17,0.782468633,0.118260427,0.048067141,0.02034588,0.018904713,0.00415395,0.000848,0.0,0.001102068,0.0,0.000933,0.0049173329999999
SHSU_2016_76_face,16,0.941070108,0.027286924,0.023506205,0.003862908,0.001479412,0.000164,0.000575,0.0,0.000247,0.0,0.000247,0.001561
SHSU_2016_76_face,15,0.797886036,0.005894708,0.19459313,0.0,0.000136,0.000949,0.0,0.0,0.000407,0.0,0.0,0.000136
SHSU_2016_76_face,14,0.995239192,0.001919681,0.000998,0.000384,0.000461,0.000998,0.0,0.0,0.0,0.0,0.0,0.0
SHSU_2016_76_face,13,0.960893855,0.011345966,0.026089961,0.000461,0.000806,0.000403,0.0,0.0,0.0,0.0,0.0,0.0
SHSU_2016_76_face,12,0.976236222,0.008999899,0.007028011,0.002780868,0.001415714,0.002629184,0.000101,0.0,0.0,0.0,0.0,0.000808
SHSU_2016_76_face,11,0.786228374,0.028442907,0.183252595,0.000623,0.000554,0.000761,0.000138408,0.0,0.0,0.0,0.0,0.0
SHSU_2016_76_face,10,0.941756115,0.018740102,0.036952314,0.000352,0.0,0.0,0.002199542,0.0,0.0,0.0,0.0,0.0
SHSU_2016_76_face,9,0.928051655,0.007994261,0.063954084,0.0,0.0,0.0,0.0,0.0,0.0,0.0,0.0,0.0
SHSU_2016_76_face,8,0.989802091,0.002074151,0.008123758,0.0,0.0,0.0,0.0,0.0,0.0,0.0,0.0,0.0
SHSU_2016_76_face,7,0.854783761,0.005015615,0.14010599,0.0,0.0,0.0,0.0,0.0,0.0,0.0,9.46e-05,0.0
SHSU_2016_76_face,6,0.896431976,0.017772028,0.083957511,0.0,0.0,0.0,0.001702302,0.0,0.0,0.0,0.000136,0.0
SHSU_2016_76_face,5,0.928536136,0.009163186,0.060773481,0.0,0.00027,0.00027,0.000674,0.0,0.0,0.0,0.0,0.0003146
SHSU_2016_76_face,4,0.953349391,0.007862207,0.037265952,0.000523,0.000454,0.000159,0.000114,0.0,4.54e-05,0.0,0.0,0.0002267999999999
SHSU_2016_76_face,3,0.930995579,0.018603794,0.048719838,0.000645,0.000437,9.21e-05,0.000507,0.0,0.0,0.0,0.0,0.0
SHSU_2016_76_face,2,0.934235977,0.015101919,0.047649159,0.001562268,0.000558,0.000335,0.000409,0.0,0.0,7.44e-05,0.0,7.44e-05
SHSU_2016_76_face,1,0.912897518,0.0210044,0.062468811,0.002359026,9.07e-05,0.0,0.001179513,0.0,0.0,0.0,0.0,0.0
SHSU_2017_43_face,21,0.53968254,0.19047619,0.050793651,0.0,0.06984127,0.06031746,0.0,0.0,0.028571429,0.0,0.044444444,0.015873016
SHSU_2017_43_face,20,0.862397092,0.057735486,0.012509355,0.000214,0.031540682,0.021062761,0.000428,0.0,0.001389928,0.000214,0.001283011,0.011226334
SHSU_2017_43_face,19,0.874537771,0.053090333,0.031695721,0.003961965,0.025752773,0.005150555,0.001848917,0.0,0.001056524,0.0,0.000792,0.002112852
SHSU_2017_43_face,18,0.933696997,0.020413902,0.034473063,0.004330222,0.004217748,0.000675,0.001912046,0.0,0.0,0.000169,0.0,0.000112
SHSU_2017_43_face,17,0.027792878,0.279831476,0.689929329,0.0,0.001834738,0.000476,0.0,0.0,0.000136,0.0,0.0,0.0
SHSU_2017_43_face,16,0.07160414,0.172833118,0.754980595,0.0,0.0,0.0,0.000453,0.0,0.0,0.0,0.0,0.000129
SHSU_2017_43_face,15,0.018529957,0.315935763,0.664731316,0.0,0.0,0.0,0.000679,0.0,0.0,0.0,0.0,0.000124
SHSU_2017_43_face,14,0.138810031,0.69907736,0.160752307,0.001064585,0.0,0.000118,0.000177,0.0,0.0,0.0,0.0,0.0
SHSU_2017_43_face,13,0.167781494,0.763504611,0.067751089,0.000861,0.0,0.000101,0.0,0.0,0.0,0.0,0.0,0.0
SHSU_2017_43_face,12,0.027117904,0.626943231,0.345065502,0.000175,8.73e-05,0.000131,8.73e-05,0.0,0.000218,0.0,8.73e-05,8.73e-05
SHSU_2017_43_face,11,0.053868879,0.904833742,0.040040229,0.000691,0.000377,0.0,0.0,0.0,0.0,0.0,0.000189,0.0
SHSU_2017_43_face,10,0.468865952,0.462659381,0.05268839,0.006206571,0.00027,0.000135,0.00890508,0.0,0.0,0.0,0.000135,0.000135
SHSU_2017_43_face,9,0.578857143,0.355885714,0.041942857,0.014628571,0.000457,0.0016,0.006057143,0.0,0.000343,0.0,0.000229,0.0
SHSU_2017_43_face,8,0.798700765,0.158046213,0.034454403,0.006002796,0.000164,0.00074,0.001891292,0.0,0.0,0.0,0.0,0.0
SHSU_2017_43_face,7,0.732442977,0.191476591,0.057472989,0.012004802,0.00165066,0.00180072,0.0022509,0.0,0.0,0.0,0.0009,0.0
SHSU_2017_43_face,6,0.535341365,0.391465863,0.03062249,0.035140562,0.000602,0.000904,0.004919679,0.0,0.0,0.0,0.000402,0.000603
SHSU_2017_43_face,5,0.734777805,0.175239381,0.044193469,0.032224405,0.001043457,0.008040756,0.003805549,0.0,0.0,0.0,0.000307,0.000369
SHSU_2017_43_face,4,0.383344924,0.581189152,0.025208623,0.008344924,0.0,0.0,0.001564673,0.0,0.0,0.0,0.0,0.000348
SHSU_2017_43_face,3,0.691465494,0.278740016,0.023153549,0.006281971,0.000179,0.0,0.0,0.0,0.0,0.0,0.0,0.000179
SHSU_2017_43_face,2,0.665995368,0.101097573,0.222736885,0.008961837,0.0,0.000302,0.000705,0.0,0.0,0.0,0.0,0.000201
SHSU_2017_43_face,1,0.610697801,0.05419495,0.330111322,0.003312517,0.000272,0.000326,0.000109,0.0,0.0,0.0,0.0,0.000979
SHSU_2017_45_face,21,0.122145576,0.328258801,0.100261656,0.019267364,0.209562322,0.078615604,0.0,0.0,0.01010942,0.044005709,0.007136061,0.080638538
SHSU_2017_45_face,20,0.779602577,0.143997822,0.006170039,0.00263134,0.038472008,0.003810906,0.001996189,0.0,0.000544,0.01361038,0.001905453,0.0072572649999999
SHSU_2017_45_face,19,0.587404995,0.234527687,0.003257329,0.016286645,0.081433225,0.038002172,0.0,0.0,0.0,0.0,0.014115092,0.024972855
SHSU_2017_45_face,18,0.046979866,0.258389262,0.020134228,0.0,0.137583893,0.208053691,0.0,0.0,0.010067114,0.016778523,0.036912752,0.265100671
SHSU_2017_45_face,17,0.292929293,0.303030303,0.02020202,0.0,0.202020202,0.101010101,0.0,0.0,0.0,0.0,0.060606061,0.02020202
SHSU_2017_45_face,16,0.191784663,0.366886303,0.409364924,0.001401935,0.009112575,0.001121548,0.0,0.0,0.0,0.01051451,0.009252769,0.000561
SHSU_2017_45_face,15,0.611320755,0.196226415,0.037735849,0.0,0.071698113,0.0,0.0,0.0,0.0,0.0,0.083018868,0.0
SHSU_2017_45_face,14,0.763824808,0.011300568,0.224005349,0.000134,0.000736,0.0,0.0,0.0,0.0,0.0,0.0,0.0
SHSU_2017_45_face,13,0.559753782,0.176609259,0.262065353,0.0,0.000327,0.000589,0.000655,0.0,0.0,0.0,0.0,0.0
SHSU_2017_45_face,12,0.605394021,0.089042298,0.30386708,0.000585,0.000234,0.000117,0.00041,0.0,0.000117,0.000117,0.0,0.000117
SHSU_2017_45_face,11,0.700821758,0.127699804,0.163188132,0.001163552,0.002036216,0.001745328,0.002036216,0.0,0.0,0.0,0.000727,0.000581776
SHSU_2017_45_face,10,0.341129996,0.576901086,0.065543947,0.011019284,0.002027132,0.000156,0.00301471,0.0,0.0,0.0,0.000208,0.0
SHSU_2017_45_face,9,0.502362992,0.463100972,0.019312915,0.003044624,0.007361629,0.000409,0.003726256,0.0,0.0,0.0,0.000545,0.000136
SHSU_2017_45_face,8,0.518308168,0.455972665,0.013898509,0.002216373,0.002816641,0.000554,0.003509258,0.0,0.0,0.0,0.002308722,0.000416
SHSU_2017_45_face,7,0.741603018,0.243397442,0.007821846,0.001748413,0.000184,0.000184,0.005061194,0.0,0.0,0.0,0.0,0.0
SHSU_2017_45_face,6,0.829457771,0.147708782,0.019631515,0.000577,0.000105,0.000157,0.002099627,0.0,0.0,0.0,0.0,0.0002619999999999
SHSU_2017_45_face,5,0.78951642,0.19767232,0.009112234,0.000722,0.000271,0.0,0.002526164,0.0,0.0,0.0,0.0,0.00018
SHSU_2017_45_face,4,0.796850215,0.189780195,0.008610922,0.001586223,0.000227,0.000453,0.002039429,0.0,0.0,0.0,0.0,0.000453
SHSU_2017_45_face,3,0.808346874,0.181390576,0.005644403,0.00136834,0.000599,0.000428,0.002223553,0.0,0.0,0.0,0.0,0.0
SHSU_2017_45_face,2,0.933655006,0.059882819,0.002067896,0.001723247,0.000517,0.0,0.001895571,0.0,0.0,0.0,0.000258,0.0
SHSU_2017_45_face,1,0.836832855,0.145592452,0.005364906,0.001294977,0.001942466,0.001387476,0.006104893,0.0,0.0,0.0,0.000555,0.000925
SHSU_2017_46_face,21,0.950563357,0.001020575,0.000286,0.047844546,0.0,0.0,0.000122,0.0,8.16e-05,0.0,0.0,8.16e-05
SHSU_2017_46_face,20,0.828841249,0.010960226,0.155511133,0.004411663,0.0,0.0,0.0,0.0,0.0,0.0,0.0,0.000276
SHSU_2017_46_face,19,0.778056849,0.022972311,0.189598138,0.008821367,0.000429,0.000123,0.0,0.0,0.0,0.0,0.0,0.0
SHSU_2017_46_face,18,0.674794427,0.119061215,0.205230699,0.0,0.000685,0.0,0.000228,0.0,0.0,0.0,0.0,0.0
SHSU_2017_46_face,17,0.431129022,0.411574288,0.152804387,0.00033,0.001981899,0.0,0.000661,0.0,0.0,0.0,0.001519456,0.0
SHSU_2017_46_face,16,0.507563122,0.358716282,0.129061943,0.000633,0.001667913,0.000863,0.0,0.0,0.0,0.000288,0.000633,0.000576
SHSU_2017_46_face,15,0.568770849,0.256415191,0.164357198,0.005837824,0.001924557,0.000449,0.001732102,0.0,0.0,0.0,0.000385,0.000128
SHSU_2017_46_face,14,0.61653551,0.320800544,0.027300107,0.0085495,0.019042067,0.0,0.007189352,0.0,0.0,0.0,0.000389,0.000194
SHSU_2017_46_face,13,0.610617284,0.377777778,0.004444444,0.002716049,0.0,0.0,0.004444444,0.0,0.0,0.0,0.0,0.0
SHSU_2017_46_face,12,0.78186426,0.213067128,0.004821362,0.0,0.0,0.0,0.000247,0.0,0.0,0.0,0.0,0.0
SHSU_2017_46_face,11,0.800725091,0.186023253,0.01087636,0.00025,0.000125,0.001250156,0.000625,0.0,0.0,0.0,0.0,0.000125
SHSU_2017_46_face,10,0.838120703,0.157906799,0.002826585,0.000688,0.0,0.0,0.000306,0.0,0.0,0.0,0.0,0.000153
SHSU_2017_46_face,9,0.920994879,0.050841258,0.026700805,0.0,0.00064,0.0,0.000823,0.0,0.0,0.0,0.0,0.0
SHSU_2017_46_face,8,0.805221452,0.180911278,0.010895712,0.001981039,0.0,0.000142,0.000849,0.0,0.0,0.0,0.0,0.0
SHSU_2017_46_face,7,0.883759888,0.099208934,0.006886924,0.006049325,0.000745,0.0,0.003350396,0.0,0.0,0.0,0.0,0.0
SHSU_2017_46_face,6,0.878123703,0.106766293,0.005479452,0.003486924,0.000996,0.000747,0.004234122,0.0,0.0,0.0,0.000166,0.0
SHSU_2017_46_face,5,0.859911406,0.106644518,0.012403101,0.007973422,0.002990033,0.003100775,0.003211517,0.0,0.0,0.0,0.00110742,0.002656646
SHSU_2017_46_face,4,0.8195384,0.160465579,0.010047752,0.003282929,0.000298,0.0,0.004874652,0.0,0.0,0.0,0.00149224,0.0
SHSU_2017_46_face,3,0.824963,0.144548594,0.011445486,0.006413419,0.001677356,0.00197336,0.007992107,0.0,0.0,0.0,0.0,0.000986
SHSU_2017_46_face,2,0.912380755,0.059518872,0.016901701,0.001140606,0.003836582,0.002592285,0.00145168,0.0,0.000207,0.0,0.000207,0.001762
SHSU_2017_46_face,1,0.681057109,0.298036021,0.006244909,0.007602498,0.000996,0.000181,0.005882885,0.0,0.0,0.0,0.0,0.0
UTK_DonorA_face,21,0.008639911,0.916527313,0.004691564,0.00246191,0.048216276,0.000186,0.000232,0.00246191,9.29e-05,0.016490152,0.0,0.0
UTK_DonorA_face,20,0.005509642,0.967188849,0.00189137,0.001850253,0.018543645,0.000822,0.0,0.001027918,0.000164,0.002919288,0.0,8.22e-05
UTK_DonorA_face,19,0.296,0.672,0.0,0.0,0.032,0.0,0.0,0.0,0.0,0.0,0.0,0.0
UTK_DonorA_face,18,0.006555965,0.911853376,0.005838159,0.003349763,0.057041681,0.000574,0.000144,0.002488395,0.0,0.012059147,0.0,9.57e-05
UTK_DonorA_face,17,0.019230769,0.927277819,0.005227782,0.002520538,0.029126214,0.00746826,0.0,0.000653,0.00084,0.002800597,0.0,0.004854602
UTK_DonorA_face,16,0.017555879,0.904513145,0.003682453,0.006251606,0.058747966,0.004710114,0.0,0.001284577,0.0,0.000343,0.001027661,0.001883661
UTK_DonorA_face,15,0.051142667,0.478256046,0.016030619,0.003217218,0.056356778,0.087253162,0.0,0.0,0.06456623,0.000555,0.000166,0.242455597
UTK_DonorA_face,14,0.078566586,0.622080928,0.015615138,0.004207672,0.073868019,0.057200963,0.000514,0.0,0.043736413,0.0,0.000397,0.1038131589999999
UTK_DonorA_face,13,0.462707396,0.386209748,0.015196154,0.003979945,0.044089523,0.03230475,0.0,0.000103,0.013645526,0.0,0.000258,0.041504317
UTK_DonorA_face,12,0.891231105,0.015798579,0.039063923,0.000546,0.008650519,0.023356401,0.0,0.0,0.002504098,0.0,0.000137,0.018713643
UTK_DonorA_face,11,0.993103968,0.003014659,0.000867,0.0,0.001582696,0.000829,0.0,0.0,0.000151,0.0,0.0,0.0004522
UTK_DonorA_face,10,0.99791142,0.001105719,0.000399,0.0,0.000461,6.14e-05,0.0,0.0,0.0,0.0,0.0,6.14e-05
UTK_DonorA_face,9,0.998064979,0.001622921,6.24e-05,0.0,0.00025,0.0,0.0,0.0,0.0,0.0,0.0,0.0
UTK_DonorA_face,8,0.993990848,0.001874414,0.00319753,0.0,0.000634,0.000138,0.0,0.0,0.0,0.0,0.0,0.0001651
UTK_DonorA_face,7,0.998168539,0.001015027,0.000463,0.0,0.00011,0.000199,0.0,0.0,0.0,0.0,0.0,4.41e-05
UTK_DonorA_face,6,0.991692998,0.00445928,0.002624605,0.0,0.000917,0.000102,0.0,0.0,5.1e-05,0.0,0.0,0.000153
UTK_DonorA_face,5,0.982021603,0.012928014,0.00396298,0.0,0.000749,0.000242,0.0,0.0,0.0,0.0,0.0,9.66e-05
UTK_DonorA_face,4,0.914756309,0.005297631,0.079464458,0.0,0.000482,0.0,0.0,0.0,0.0,0.0,0.0,0.0
UTK_DonorA_face,3,0.738303769,0.010033259,0.249916851,0.000139,0.001136364,0.000139,0.0,0.0,0.0,0.0,0.0,0.0003326
UTK_DonorA_face,2,0.621370499,0.015969803,0.362078978,0.0,0.000581,0.0,0.0,0.0,0.0,0.0,0.0,0.0
UTK_DonorA_face,1,0.787491613,0.024602997,0.186535451,0.0,0.000979,0.000252,5.59e-05,0.0,0.0,0.0,0.0,8.39e-05
UTK_DonorB_face,21,0.640682249,0.110107391,0.01585597,0.021983575,0.20157928,0.006696147,0.0,0.0,0.0,0.002021478,0.000505,0.000569
UTK_DonorB_face,20,0.787896421,0.039310768,0.001002166,0.025797692,0.143148094,0.001260789,0.0,0.0,0.000194,0.001066822,6.47e-05,0.0002584
UTK_DonorB_face,19,0.704098311,0.086930202,0.02373025,0.032205339,0.095526364,0.039590774,0.0,0.0,0.002542527,0.003390036,0.0,0.011986808
UTK_DonorB_face,18,0.693937924,0.060038797,0.007225994,0.00257032,0.216440349,0.014209505,0.0,0.0,0.001018429,0.000194,0.000145,0.004218776
UTK_DonorB_face,17,0.277963517,0.264648953,0.012845328,0.014135726,0.381664614,0.023579096,0.000117,0.0,0.003167341,0.010323186,0.000235,0.011320447
UTK_DonorB_face,16,0.624865499,0.011738237,0.032426881,0.009341681,0.229286902,0.039078548,9.78e-05,0.0,0.009243862,0.0,0.0,0.0439207949999999
UTK_DonorB_face,15,0.939318796,0.031659188,0.001312026,0.000223,0.023262222,0.001115222,0.0,0.0,0.000276,0.001823716,0.0,0.0010096
UTK_DonorB_face,14,0.998272786,0.000765,0.000227,0.0,0.00068,5.66e-05,0.0,0.0,0.0,0.0,0.0,0.0
UTK_DonorB_face,13,0.995992962,0.002902534,0.000565,0.0,0.000437,0.0,0.0,0.0,0.0,0.0,0.0,0.0001028
UTK_DonorB_face,12,0.971908795,0.008762932,0.018199936,0.0,0.000777,0.000147,0.0,0.0,5.86e-05,0.0,0.0,0.0001465999999999
UTK_DonorB_face,11,0.96048258,0.00636054,0.030858878,0.002010751,0.000205,0.0,0.0,0.0,0.0,0.0,0.0,8.21e-05
UTK_DonorB_face,10,0.917896041,0.003314756,0.077769278,0.000474,0.000546,0.0,0.0,0.0,0.0,0.0,0.0,0.0
UTK_DonorB_face,9,0.956412951,0.010358805,0.029925437,0.002101787,0.000901,0.0001,0.0,0.0,0.0001,0.0,0.0,0.0001
UTK_DonorB_face,8,0.971745836,0.009839605,0.016656385,0.001141271,0.000494,0.0,0.0,0.0,0.0,0.0,0.0,0.0001234
UTK_DonorB_face,7,0.972706596,0.015104683,0.010089228,0.001428821,0.000321,0.000175,0.0,0.0,0.0,0.0,0.0,0.0001749
UTK_DonorB_face,6,0.820439039,0.034648472,0.142153664,0.000949,0.00142391,0.0,5.93e-05,0.0,0.000178,0.0,0.0,0.000148
UTK_DonorB_face,5,0.91060556,0.018383915,0.068272998,0.001722755,0.000566,0.0,0.000401,0.0,0.0,0.0,0.0,4.72e-05
UTK_DonorB_face,4,0.940542593,0.002540665,0.05612826,0.0,0.000672,0.0,0.0,0.0,0.0,0.0,0.0,0.0001168
UTK_DonorB_face,3,0.963649894,0.021838686,0.012965825,5.72e-05,0.001202129,0.000172,0.0,0.0,5.72e-05,0.0,0.0,5.72e-05
UTK_DonorB_face,2,0.985482954,0.01122452,0.001346942,0.0,0.001945584,0.0,0.0,0.0,0.0,0.0,0.0,0.0
UTK_DonorB_face,1,0.972549523,0.016020805,0.005169037,0.000257,0.003050053,0.002568466,0.0,0.0,0.0,0.0,0.0,0.0003844
UTK_DonorC_face,21,0.130320611,0.400122137,0.155358779,0.078412214,0.118778626,0.002870229,0.013862595,0.069374046,0.0,0.02821374,0.0,0.002686611
UTK_DonorC_face,20,0.137821573,0.428344686,0.141525031,0.055551881,0.140400767,0.004034125,0.008134383,0.051716156,0.0,0.028834072,0.001124264,0.002512596
UTK_DonorC_face,19,0.104684388,0.439864923,0.091956014,0.066412676,0.20746385,0.011689324,0.00787947,0.041735215,0.000433,0.025889687,0.0,0.001991577
UTK_DonorC_face,18,0.083594195,0.517857143,0.135244735,0.043753557,0.074274331,0.005193512,0.00747012,0.105364257,0.000356,0.024188958,0.000213,0.002489168
UTK_DonorC_face,17,0.049791472,0.630777087,0.06289897,0.05421738,0.096859307,0.01736318,0.014384203,0.049025449,0.002553409,0.015575794,0.000681,0.005873523
UTK_DonorC_face,16,0.052291347,0.54921915,0.073220686,0.066116231,0.113159242,0.017985151,0.01344086,0.068100358,0.001728111,0.016769073,0.0,0.027969508
UTK_DonorC_face,15,0.052683756,0.522872114,0.100835576,0.108908087,0.11471463,0.034556012,0.015153661,0.03540575,0.000991,0.005098428,0.001841099,0.006938805
UTK_DonorC_face,14,0.554556421,0.263296414,0.03920386,0.03629784,0.043206492,0.02198706,0.007073144,0.020342143,0.003015682,0.002193223,0.001425595,0.007400276
UTK_DonorC_face,13,0.466437515,0.047090597,0.093641051,0.003044439,0.024257304,0.079450037,0.001571323,0.003977412,0.01630248,0.000491,0.000491,0.2632454239999999
UTK_DonorC_face,12,0.988537918,0.007819095,0.000489,0.000133,0.0019992,0.000178,0.0,0.000267,0.0,0.0,8.89e-05,0.0004889
UTK_DonorC_face,11,0.654993082,0.002767308,0.160503841,9.54e-05,0.035116179,0.070518632,0.000143,0.0,0.004055537,0.0,0.0,0.071806099
UTK_DonorC_face,10,0.994301872,0.000471,0.002956172,0.0,0.001156763,0.000771,0.0,0.0,0.0,0.0,0.0,0.0003428
UTK_DonorC_face,9,0.992603319,0.001056669,0.001721979,0.0,0.001526299,0.001291484,0.0,0.0,0.000587,0.0,0.0,0.001213
UTK_DonorC_face,8,0.990015143,0.003525459,0.005158054,0.0,0.00097,0.000189,0.0,0.0,0.0,0.0,0.0,0.0001418999999999
UTK_DonorC_face,7,0.958185997,0.033887317,0.005863979,0.0,0.001326025,0.000236,8.84e-05,0.0,5.89e-05,0.0,0.000118,0.0002356
UTK_DonorC_face,6,0.967309345,0.027238119,0.00329117,4.91e-05,0.001277171,0.000295,7.37e-05,0.0,4.91e-05,0.0,4.91e-05,0.000368
UTK_DonorC_face,5,0.95215274,0.044626523,0.001829378,0.0,0.000953,0.000155,5.15e-05,0.0,0.0,0.0,0.0,0.0002315
UTK_DonorC_face,4,0.927021827,0.064121276,0.007032442,0.0,0.000962,0.000398,0.000332,0.0,0.0,0.0,0.0,0.000133
UTK_DonorC_face,3,0.861449315,0.127134136,0.00731211,0.000621,0.001483117,0.000828,0.000517,0.0,6.9e-05,0.0,0.000172,0.000414
UTK_DonorC_face,2,0.757098645,0.20212734,0.014122172,0.016916559,0.000841,0.000361,0.008473303,0.0,0.0,0.0,0.0,6.01e-05
UTK_DonorC_face,1,0.7959904,0.155066121,0.017271401,0.012659419,0.000894,0.000706,0.01675373,0.0,0.0,0.0,0.000659,0.0
UTK_DonorD_face,21,0.268305172,0.399214883,0.062638676,0.045058884,0.09421403,0.068953746,0.0,0.0,0.005973716,0.006997781,0.0,0.048642691
UTK_DonorD_face,20,0.160631383,0.08727948,0.114206128,0.0,0.076137419,0.187093779,0.0,0.0,0.04178273,0.0,0.0,0.332871059
UTK_DonorD_face,19,0.127452885,0.013794443,0.111521275,0.000971,0.056343501,0.169807655,0.0,0.0,0.062560715,0.0,0.0,0.457549232
UTK_DonorD_face,18,0.092748735,0.019392917,0.066610455,0.001686341,0.129005059,0.1846543,0.0,0.0,0.096121417,0.0,0.0,0.409780777
UTK_DonorD_face,17,0.681686047,0.037306202,0.043120155,0.0,0.043120155,0.054263566,0.0,0.0,0.027131783,0.0,0.0,0.1133721389999999
UTK_DonorD_face,16,0.657349765,0.011815525,0.05780714,0.001397535,0.042053106,0.071020201,0.0,0.0,0.033667895,0.000889,0.0,0.1239972519999999
UTK_DonorD_face,15,0.791126353,0.022184117,0.179294824,0.000214,0.001286036,0.00310792,0.0,0.0,0.001071696,0.000214,0.0,0.0015
UTK_DonorD_face,14,0.78856756,0.063352355,0.146339104,0.0,0.0,0.000677,0.000677,0.0,0.0,0.0,0.0,0.000386
UTK_DonorD_face,13,0.7748765,0.047106563,0.160550459,0.001411433,0.002293578,0.005116443,0.0,0.0,0.001235004,0.000353,0.0,0.0070572989999999
UTK_DonorD_face,12,0.852966715,0.032706223,0.097250362,0.001157742,0.001736614,0.008683068,0.0,0.0,0.000579,0.0,0.0,0.004920405
UTK_DonorD_face,11,0.900778793,0.06365134,0.015950277,0.016624232,0.000374,0.0003,0.001797214,0.0,0.00015,0.0,0.0,0.000374
UTK_DonorD_face,10,0.889487871,0.04851752,0.022911051,0.035040431,0.0,0.0,0.0,0.0,0.0,0.0,0.0,0.004043127
UTK_DonorD_face,9,0.659871328,0.114487249,0.019145803,0.153864042,0.042554841,0.000465,0.006511123,0.0,0.000155,0.0,0.0,0.002945455
UTK_DonorD_face,8,0.464179382,0.1612393,0.012932639,0.270841087,0.08215482,0.00093,0.004186825,0.0,0.000465,0.0,0.0,0.003070014
UTK_DonorD_face,7,0.516235968,0.187674226,0.025163866,0.232426731,0.021924207,0.001506818,0.009568297,0.0,0.000377,0.0,0.0,0.005124091
UTK_DonorD_face,6,0.612848125,0.187448942,0.070107687,0.103156331,0.016412922,0.000817,0.006015596,0.0,0.000668,0.0,0.0,0.002526866
UTK_DonorD_face,5,0.721436509,0.146024851,0.01646631,0.097282554,0.011516315,0.00096,0.004646934,0.0,0.000606,0.0,0.0,0.001061
UTK_DonorD_face,4,0.43587925,0.521166718,0.009840862,0.014229354,0.015160246,0.000798,0.001773128,0.0,0.000399,0.0,0.0,0.000754
UTK_DonorD_face,3,0.437147462,0.536563255,0.003626108,0.010374698,0.009770346,0.001410153,0.000403,0.000302,0.000201,0.0,0.0,0.000201
UTK_DonorD_face,2,0.334113288,0.524129863,0.023496149,0.017256508,0.093009652,0.003509798,0.002827337,0.0,0.00039,0.0,0.0,0.001267
UTK_DonorD_face,1,0.508777772,0.453589609,0.006565488,0.007945192,0.021314049,0.000714,0.000523,0.0,9.52e-05,0.0,0.0,0.0004756
UTK_DonorE_face,21,0.556134821,0.00721387,0.012730359,0.048375364,0.367664888,0.002727934,0.000606,0.0,0.0,0.002121726,0.0,0.002424657
UTK_DonorE_face,20,0.89991929,0.015435835,0.011198547,0.011501211,0.061945117,0.0,0.0,0.0,0.0,0.0,0.0,0.0
UTK_DonorE_face,19,0.920234103,0.038600644,0.013875189,0.003682515,0.021832051,0.000329,0.000263,0.0,0.000197,0.0,0.0,0.000987
UTK_DonorE_face,18,0.82152294,0.076867644,0.018015854,0.005044439,0.07110257,0.002642325,0.001921691,0.0,0.00048,0.0,0.0,0.002401
UTK_DonorE_face,17,0.642857143,0.0,0.0,0.0,0.214285714,0.0,0.0,0.0,0.0,0.0,0.0,0.142857143
UTK_DonorE_face,16,0.871610271,0.043196544,0.012958963,0.00072,0.055915527,0.010559155,0.004079674,0.0,0.0,0.0,0.0,0.00096
UTK_DonorE_face,15,0.838916322,0.090751368,0.016682237,0.013212332,0.01454691,0.002936074,0.016281863,0.000267,0.000934,0.0,0.0,0.005471074
UTK_DonorE_face,14,0.735560921,0.161848202,0.035567448,0.054101677,0.001631534,0.000131,0.011029172,0.0,0.0,0.0,0.0,0.000131
UTK_DonorE_face,13,0.637325405,0.214908035,0.034227631,0.101161665,0.000553,0.0,0.011063477,0.0,0.0,0.0,0.0,0.000761
UTK_DonorE_face,12,0.713490705,0.255870841,0.014004403,0.012781311,0.000245,0.000245,0.003118885,0.0,0.0,0.0,0.0,0.000244
UTK_DonorE_face,11,0.392582498,0.477173172,0.02560109,0.093254161,0.000389,0.0,0.01031831,0.0,0.0,0.0,0.0,0.000681
UTK_DonorE_face,10,0.487786973,0.374799786,0.015883609,0.112853711,0.001534971,0.0002,0.00620662,0.0,0.0,0.0,0.0,0.000734
UTK_DonorE_face,9,0.466074564,0.370133223,0.030155943,0.122379428,0.002065476,0.000413,0.006609522,0.0,0.0,0.0,0.0,0.002168654
UTK_DonorE_face,8,0.486441747,0.384518367,0.052577645,0.066924168,0.00346839,0.000709,0.004571969,0.0,0.000315,0.0,0.0,0.000473
UTK_DonorE_face,7,0.555271168,0.276286663,0.047869397,0.083702269,0.032581627,0.000346,0.003666298,0.0,0.0,0.0,0.0,0.000277
UTK_DonorE_face,6,0.363052589,0.394281465,0.02298229,0.073272948,0.13992159,0.0,0.005813168,0.0,0.00027,0.0,0.0,0.000406
UTK_DonorE_face,5,0.322580645,0.262215554,0.050362591,0.098224556,0.261265316,0.0003,0.004501125,0.0,0.0001,0.0,0.0,0.00045
UTK_DonorE_face,4,0.308316719,0.265309029,0.002278553,0.037596126,0.368698377,0.014668186,0.002420963,0.0,0.0,0.0,0.0,0.000712
UTK_DonorE_face,3,0.311535782,0.331939883,0.005474271,0.013337315,0.33452772,0.0,0.002687369,0.0,0.0,0.0,0.0,0.000498
UTK_DonorE_face,2,0.250636427,0.288204891,0.05384556,0.032631335,0.371904652,0.0,0.002468564,0.0,0.0,0.000154,0.0,0.000154
UTK_DonorE_face,1,0.277697379,0.441228493,0.015436565,0.047435279,0.211529185,0.0,0.006190706,0.0,0.0,0.0,0.0,0.000482
UTK_DonorF_face,21,0.801540832,0.029275809,0.020030817,0.011093991,0.1201849,0.000616,0.0,0.0,0.000616,0.0,0.0,0.016640986
UTK_DonorF_face,20,0.528847252,0.025591226,0.028218896,0.000228,0.358505655,0.029132869,0.000571,0.001028219,0.007197532,0.0,0.0,0.020678025
UTK_DonorF_face,19,0.258047669,0.035419238,0.273620739,0.010825183,0.092916152,0.278463584,0.002658817,0.000855,0.009305859,0.0,0.0,0.037886506
UTK_DonorF_face,18,0.251244778,0.040863046,0.161678018,0.005894809,0.131345504,0.188691123,0.001030161,0.000515,0.043209523,0.0,0.0,0.175526825
UTK_DonorF_face,17,0.352237936,0.194634786,0.137046217,0.003644846,0.05664091,0.181367546,0.001020557,0.0,0.016912086,0.0,0.0,0.05649529
UTK_DonorF_face,16,0.723940435,0.163115693,0.033447881,0.007331042,0.023138603,0.037800687,0.003665521,0.0,0.000458,0.0,0.0,0.007101947
UTK_DonorF_face,15,0.147780679,0.821633719,0.001342783,0.003506154,0.000224,0.000149,0.02536367,0.0,0.0,0.0,0.0,0.0
UTK_DonorF_face,14,0.236404075,0.702755058,0.007031138,0.04426747,0.001147941,0.000359,0.007461616,0.000574,0.0,0.0,0.0,0.0
UTK_DonorF_face,13,0.254014349,0.660146908,0.007516228,0.064742057,0.00102494,0.000683,0.009395285,0.001879057,0.0,0.0,0.0,0.000598
UTK_DonorF_face,12,0.214995906,0.704175927,0.01321792,0.051584981,0.0,0.0,0.014972511,0.000819,0.0,0.0,0.0,0.000234
UTK_DonorF_face,11,0.258360193,0.626611604,0.002719581,0.085112812,0.000201,0.0,0.025483481,0.001309428,0.000201,0.0,0.0,0.0
UTK_DonorF_face,10,0.218009073,0.697166824,0.0046221,0.057861851,0.000599,0.000171,0.019772319,0.001455106,0.0,0.0,0.0,0.000342
UTK_DonorF_face,9,0.245464518,0.665766602,0.010547633,0.063032655,0.001096954,0.000422,0.010800776,0.001772002,0.0,0.0,0.0,0.0010969999999999
UTK_DonorF_face,8,0.356055091,0.556066738,0.005648895,0.061380776,0.004076522,0.001688845,0.008648051,0.002096497,0.001135603,5.82e-05,0.0,0.003144383
UTK_DonorF_face,7,0.219653179,0.222543353,0.034682081,0.057803468,0.147398844,0.306358382,0.0,0.0,0.0,0.0,0.0,0.011560694
UTK_DonorF_face,6,0.465223836,0.485858286,0.003379781,0.032434035,0.006463089,0.000534,0.005336496,0.000415,0.000119,0.0,0.0,0.000237
UTK_DonorF_face,5,0.523052853,0.371045812,0.017112404,0.054466337,0.016770156,0.002200166,0.011685327,0.000978,0.001271207,9.78e-05,0.0,0.0013194
UTK_DonorF_face,4,0.544151927,0.017002605,0.18500617,0.006958728,0.092588784,0.063862608,0.00048,0.00024,0.013094748,0.0,0.0,0.076613169
UTK_DonorF_face,3,0.402992723,0.494004305,0.011991391,0.059034539,0.016910936,0.000615,0.013221277,0.0,0.000205,0.0,0.0,0.0010249999999999
UTK_DonorF_face,2,0.196369637,0.605610561,0.014851485,0.100660066,0.070957096,0.00660066,0.004950495,0.0,0.0,0.0,0.0,0.0
UTK_DonorF_face,1,0.289963047,0.659911789,0.004470139,0.021575873,0.015496483,0.001966861,0.004112528,0.0,0.000119,0.0,0.0,0.002383056
UTK_DonorG_face,21,0.336767896,0.563449024,0.078091106,0.000434,0.006832972,0.004663774,0.0,0.000217,0.0,0.008893709,0.0,0.000651
UTK_DonorG_face,20,0.599250631,0.394803291,0.002199234,0.0,0.003095219,0.000326,0.000163,0.0,0.0,0.0,0.0,0.000163
UTK_DonorG_face,19,0.63838374,0.341729067,0.009822036,0.003403676,0.003355052,0.00160459,0.000146,0.0,0.000729,0.0,0.0,0.0008255999999999
UTK_DonorG_face,18,0.790778131,0.197425136,0.001871597,0.00918784,0.0,0.000567,0.0,0.0,0.0,0.00017,0.0,0.0
UTK_DonorG_face,17,0.798658544,0.196849425,0.001292228,0.002830595,0.000123,0.000123,0.0,0.0,0.0,0.0,0.0,0.000123
UTK_DonorG_face,16,0.724126207,0.261797906,0.005235958,0.006663947,0.000408,0.000544,0.00068,0.0,0.000272,0.0,0.0,0.000272
UTK_DonorG_face,15,0.594301455,0.365929242,0.011190497,0.026254627,0.000172,0.000172,0.001377292,0.0,0.0,0.0,0.0,0.000602
UTK_DonorG_face,14,0.650361159,0.280881412,0.022309591,0.042790528,0.000183,0.000183,0.002834415,0.0,0.0,0.0,0.0,0.000457
UTK_DonorG_face,13,0.286149636,0.438646682,0.012438584,0.252876423,0.00056,0.000435,0.00659245,0.0,0.0,0.0,0.0,0.00230063
UTK_DonorG_face,12,0.333044608,0.440883499,0.015446802,0.189475964,0.00216544,0.001010538,0.011549011,0.0,0.000794,0.0,0.0,0.005629796
UTK_DonorG_face,11,0.232828957,0.547767394,0.013647827,0.192330515,0.000964,0.000668,0.01023587,0.0,0.000223,0.0,0.0,0.0013347679999999
UTK_DonorG_face,10,0.245743577,0.50552267,0.045340819,0.189906633,0.000366,0.000122,0.010068957,0.0,0.000488,0.0,0.0,0.002440911
UTK_DonorG_face,9,0.212808501,0.56821298,0.035020567,0.163905393,0.003027879,0.0004,0.013482633,0.0,0.000571,0.0,0.0,0.002570115
UTK_DonorG_face,8,0.283122962,0.528044805,0.017804898,0.156315306,0.001253866,0.0,0.010532475,0.0,0.0,0.0,0.0,0.002925141
UTK_DonorG_face,7,0.212994177,0.606374502,0.033037082,0.130861171,0.001654919,0.00049,0.012932884,0.0,0.000123,0.0,0.0,0.001532746
UTK_DonorG_face,6,0.450315178,0.398328494,0.021035484,0.110418585,0.002408103,0.000567,0.01374035,0.000283,0.000637,0.0,0.0,0.002266184
UTK_DonorG_face,5,0.367003367,0.45215311,0.023125997,0.126705653,0.007354244,0.003189793,0.014265462,0.0,0.00132908,0.0,0.0,0.004873712
UTK_DonorG_face,4,0.286263736,0.477411477,0.064529915,0.136568987,0.01013431,0.002319902,0.014652015,0.000122,0.000733,0.0,0.0,0.007263753
UTK_DonorG_face,3,0.330885686,0.49034539,0.025926933,0.118393618,0.009246668,0.002085033,0.01631765,0.000181,0.000181,0.0,0.0,0.006435916
UTK_DonorG_face,2,0.349477388,0.485770465,0.013660354,0.109903757,0.023698644,0.002483701,0.010969678,0.0,0.000931388,0.0,0.0,0.0031043629999999
UTK_DonorG_face,1,0.417198648,0.422681187,0.016597822,0.098911003,0.025309801,0.000976,0.012542246,0.000451,0.001051446,0.0,0.0,0.0042799949999999
UTK_DonorH_face,21,0.075058781,0.016096943,0.101465003,0.001627781,0.25899801,0.285223368,0.0,0.0,0.06981371,0.0,0.002351239,0.189365043
UTK_DonorH_face,20,0.102550071,0.775199737,0.016635657,0.001751122,0.027470723,0.039509686,0.000438,0.0,0.005034475,0.00492503,0.000876,0.025610809
UTK_DonorH_face,19,0.44345898,0.283813747,0.039911308,0.013303769,0.048780488,0.031042129,0.0,0.0,0.033259424,0.011086475,0.0,0.095343682
UTK_DonorH_face,18,0.358128504,0.392518327,0.031910306,0.005066839,0.047973264,0.057460112,0.000216,0.000755,0.024256145,0.001293661,0.0,0.0804229
UTK_DonorH_face,17,0.973210646,0.020790868,0.004251354,0.000641,0.0,0.0,0.000116,0.0,0.000175,0.0,0.0,0.000815
UTK_DonorH_face,16,0.744348404,0.251329787,0.00206117,0.000266,0.000465,0.000532,0.000598,0.0,0.000133,0.0,0.0,0.000266
UTK_DonorH_face,15,0.540393497,0.451382299,0.003542734,0.001138736,0.000253,0.000127,0.002720314,0.0,0.000127,0.0,0.0,0.000317
UTK_DonorH_face,14,0.605374209,0.3507509,0.012845972,0.024636962,0.001054983,0.000621,0.003847586,0.0,0.000186,0.0,0.0,0.000682
UTK_DonorH_face,13,0.226019764,0.513188201,0.019615127,0.232260941,0.000297,0.001560294,0.005646779,0.00052,0.000149,0.0,0.0,0.000744
UTK_DonorH_face,12,0.205620897,0.586843545,0.028241247,0.169173961,0.000957,0.001641138,0.004307987,0.000274,0.00041,0.0,0.0,0.002531
UTK_DonorH_face,11,0.300198959,0.527089073,0.035812672,0.130241812,0.000842,0.000995,0.002678298,0.000306,0.000612,0.0,0.0,0.001224
UTK_DonorH_face,10,0.073555795,0.75941873,0.00777419,0.15123789,0.0,0.000897,0.003169477,0.000179,0.001375434,0.0,0.0,0.002392
UTK_DonorH_face,9,0.117064519,0.51319193,0.01455916,0.348459094,0.0,0.000222,0.005542828,0.0,0.0,0.0,0.0,0.0009609999999999
UTK_DonorH_face,8,0.276888489,0.50557554,0.052877698,0.144514388,0.003147482,0.001618705,0.006834532,0.000809353,0.002248201,0.0,0.0,0.00548741
UTK_DonorH_face,7,0.278194913,0.478930432,0.051792829,0.18150475,0.00069,0.001379099,0.005976096,0.000153,0.0,0.000153,0.0,0.001225
UTK_DonorH_face,6,0.259380098,0.566932156,0.025045581,0.135111793,0.00096,0.002303042,0.006717206,0.00048,0.001247481,0.0,0.0,0.0018239999999999
UTK_DonorH_face,5,0.137973363,0.509728104,0.055361198,0.289265329,0.000123,0.000675,0.006260357,0.0,0.000123,0.0,0.0,0.000492
UTK_DonorH_face,4,0.462148478,0.394619655,0.032879888,0.090465443,0.002257061,0.003660099,0.007076191,0.000732,0.001220033,0.0,0.0,0.004941048
UTK_DonorH_face,3,0.201598909,0.466038671,0.080689142,0.243926624,0.000372,0.000124,0.004647992,0.0,0.000248,0.0,0.0,0.002355384
UTK_DonorH_face,2,0.249858116,0.52284336,0.032775255,0.177213394,0.002837684,0.0026958,0.007519864,0.0,0.001276958,0.0,0.0,0.002980148
UTK_DonorH_face,1,0.393239555,0.457169851,0.025614109,0.097102666,0.002519421,0.003569179,0.008188117,0.0,0.002834348,0.0,0.0,0.009763431
UTK_DonorI_face,21,0.264705882,0.5,0.088235294,0.147058824,0.0,0.0,0.0,0.0,0.0,0.0,0.0,0.0
UTK_DonorI_face,20,0.383864572,0.24416654,0.118728077,0.027527833,0.111102638,0.022723807,0.003736465,0.013649535,0.006329114,0.041329876,0.000153,0.026691535
UTK_DonorI_face,19,0.322306319,0.249000765,0.187515945,0.031890467,0.10043371,0.034016498,0.004847351,0.005187516,0.004507186,0.036567735,0.0,0.0237241979999999
UTK_DonorI_face,18,0.821284817,0.162373209,0.010143294,0.002093061,0.000403,0.00136854,0.001449042,0.0,0.000161,0.0,0.0,0.000725
UTK_DonorI_face,17,0.683989671,0.258123521,0.012050785,0.021411663,0.003443082,0.008500108,0.004196256,0.000323,0.001506348,0.0,0.00043,0.0060258889999999
UTK_DonorI_face,16,0.63554744,0.300692384,0.027619265,0.018793274,0.003499962,0.003499962,0.001293464,0.003119531,0.002054325,0.0,0.0,0.003879584
UTK_DonorI_face,15,0.551011733,0.394320694,0.011732699,0.028226492,0.003315763,0.002210508,0.004165958,0.001105254,0.001530352,0.0,0.0,0.00238
UTK_DonorI_face,14,0.575736628,0.132377085,0.274086235,0.009418474,0.001468936,0.002073792,0.001555344,0.000691,0.000346,0.0,0.0,0.002247
UTK_DonorI_face,13,0.515182666,0.253677052,0.073066582,0.085086193,0.015578048,0.013047604,0.003795667,0.003637514,0.006088882,0.0,0.0,0.030837277
UTK_DonorI_face,12,0.210880615,0.55103723,0.095480148,0.121307872,0.000756,0.002472867,0.007555983,0.001167743,0.000481,0.000206,0.0,0.008653312
UTK_DonorI_face,11,0.199225778,0.548715991,0.079166894,0.130363666,0.005942969,0.006815332,0.006760809,0.003762063,0.00348945,0.000164,0.0,0.0155944149999999
UTK_DonorI_face,10,0.209212294,0.514576914,0.056964526,0.145690132,0.019119855,0.009164889,0.013431303,0.009006874,0.007189697,0.000395,0.000158,0.015090218
UTK_DonorI_face,9,0.291854954,0.487380139,0.05257357,0.140196186,0.002590103,0.002865645,0.008927587,0.002259451,0.001487931,0.000165,0.0,0.009697159
UTK_DonorI_face,8,0.223023921,0.596528861,0.033151326,0.128380135,0.002015081,0.001300052,0.009165367,0.001170047,0.00052,0.000325,0.0,0.004420153
UTK_DonorI_face,7,0.220674087,0.613761968,0.034015724,0.119016113,0.001245427,0.000156,0.007394723,0.000856,0.0,0.0,0.0,0.002879819
UTK_DonorI_face,6,0.199525591,0.600948819,0.025545114,0.149986315,0.004470395,0.001003558,0.011039139,0.001277256,0.001368488,0.0,0.0,0.004834511
UTK_DonorI_face,5,0.077586775,0.702627939,0.006059409,0.172232102,0.020285846,0.002766252,0.009484292,0.000593,0.002239347,0.0,0.0,0.00612662
UTK_DonorI_face,4,0.122352229,0.614585435,0.013011902,0.20254186,0.011297156,0.005850313,0.010187613,0.000504,0.00514424,0.0,0.000303,0.014222228
UTK_DonorI_face,3,0.384123157,0.441992024,0.014467217,0.126588148,0.008068256,0.005378837,0.009459334,0.00129834,0.003524066,0.0,0.0,0.005099771
UTK_DonorI_face,2,0.367084359,0.429066905,0.01208324,0.160997986,0.013090177,0.002461401,0.008391139,0.000559,0.002797046,0.0,0.0,0.003470819
UTK_DonorI_face,1,0.315356959,0.459167951,0.019260401,0.179849341,0.001112823,0.003338469,0.011128231,0.001027221,0.001112823,0.0,0.0,0.008645523
UTK_DonorJ_face,21,0.012081014,0.694184532,0.005566742,0.243870662,0.028070591,0.010422835,0.0,0.0,0.0,0.0,0.001658178,0.0041459999999999
UTK_DonorJ_face,20,0.266881029,0.540485238,0.035515931,0.036100555,0.058900906,0.029085063,0.0,0.000292,0.004384683,0.008477053,0.000292,0.019584703
UTK_DonorJ_face,19,0.657843456,0.216953556,0.024358558,0.023059435,0.024196168,0.02939266,0.00065,0.000812,0.001948685,0.002760637,0.001299123,0.016728155
UTK_DonorJ_face,18,0.493297587,0.442359249,0.018766756,0.026809651,0.0,0.0,0.0,0.008042895,0.00536193,0.0,0.0,0.00536193
UTK_DonorJ_face,17,0.576646606,0.378301571,0.013373454,0.009862922,0.006018054,0.00961217,0.0,0.0,0.001420929,0.0,0.0,0.004764195
UTK_DonorJ_face,16,0.921142271,0.078297793,0.000327,0.0,9.33e-05,0.0,0.0,0.0,0.0,0.0,0.0,0.00014
UTK_DonorJ_face,15,0.882045929,0.106620936,0.005368327,0.001192962,0.0,0.003877125,0.0,0.0,0.000298,0.0,0.0,0.000596
UTK_DonorJ_face,14,0.834533525,0.135301648,0.019283085,0.005920947,0.00088,0.001280205,0.00096,0.0,0.00032,0.0,0.0,0.00152
UTK_DonorJ_face,13,0.6522061,0.265669727,0.018260784,0.061642483,0.0,0.000296,0.001826078,0.0,0.0,0.0,0.0,9.87e-05
UTK_DonorJ_face,12,0.554866302,0.374816984,0.02234723,0.045310935,0.000231,0.000308,0.001425599,0.0,0.0,0.0,0.0,0.000694
UTK_DonorJ_face,11,0.449203187,0.355577689,0.021912351,0.167330677,0.001992032,0.001992032,0.001992032,0.0,0.0,0.0,0.0,0.0
UTK_DonorJ_face,10,0.217126623,0.750586219,0.011769481,0.020066739,9.02e-05,9.02e-05,0.00018,0.0,0.0,0.0,0.0,9.02e-05
UTK_DonorJ_face,9,0.665703196,0.06548848,0.201007515,0.066396895,0.000743,0.0,0.0,0.0,0.000165,0.0,0.0,0.000495
UTK_DonorJ_face,8,0.805888038,0.124897777,0.040814809,0.024533492,0.001115159,0.00052,0.001561222,0.0,0.0,0.0,0.0,0.000669
UTK_DonorJ_face,7,0.674983322,0.209439626,0.056771181,0.044229486,0.005803869,0.003569046,0.002535023,6.67e-05,0.0,0.0001,0.0,0.002502101
UTK_DonorJ_face,6,0.660561873,0.178080606,0.099933455,0.050921506,0.004716026,0.001996354,0.001649162,5.79e-05,0.000145,0.000145,0.0,0.0017945
UTK_DonorJ_face,5,0.633444423,0.174750049,0.098490492,0.080337189,0.00646932,0.00156832,0.002626936,0.0,0.000235,0.000118,0.0,0.0019606
UTK_DonorJ_face,4,0.651863688,0.190280724,0.088156699,0.055400975,0.008044299,0.002341662,0.001349899,5.51e-05,0.000275,8.26e-05,0.0,0.0021489
UTK_DonorJ_face,3,0.674212885,0.16720014,0.075016004,0.063405692,0.013501717,0.002618867,0.001920503,0.0,0.000378,0.000291,0.0,0.0014562
UTK_DonorJ_face,2,0.576759227,0.186572945,0.113976995,0.06349483,0.02958832,0.004085822,0.003001433,0.000252,0.00137485,0.000232,0.0,0.020661389
UTK_DonorJ_face,1,0.098092255,0.395785877,0.199886105,0.148585801,0.151361997,0.002966021,0.002301632,0.0,0.000332,4.75e-05,0.0,0.0006401
UTK_DonorK_face,21,0.336456072,0.658402833,0.001713698,0.000685,0.0008,0.000228,0.0,0.000114,0.000228,0.000685,0.0,0.000684
UTK_DonorK_face,20,0.336456072,0.658402833,0.001713698,0.000685,0.0008,0.000228,0.0,0.000114,0.000228,0.000685,0.0,0.000684
UTK_DonorK_face,19,0.446524064,0.539863879,0.004861449,0.002066116,0.002187652,0.002673797,0.000365,0.000243,0.0,0.000243,0.0,0.000972
UTK_DonorK_face,18,0.657707685,0.316525988,0.023878276,0.0,0.000555,0.000888,0.0,0.0,0.0,0.0,0.000222,0.000222
UTK_DonorK_face,17,0.917138932,0.076678688,0.00309119,0.0,0.0,0.001287996,0.001803194,0.0,0.0,0.0,0.0,0.0
UTK_DonorK_face,16,0.933463478,0.055636896,0.006019196,0.002684236,0.0,0.000244,0.001789491,0.0,0.0,0.0,0.0,0.000163
UTK_DonorK_face,15,0.72767943,0.245430056,0.007023283,0.017894939,9.62e-05,9.62e-05,0.001683664,0.0,0.0,0.0,0.0,9.62e-05
UTK_DonorK_face,14,0.685070988,0.227520436,0.012476696,0.072135379,0.0,0.0,0.002151154,0.0,0.0,0.0,0.0,0.000645
UTK_DonorK_face,13,0.519191724,0.320990042,0.009861742,0.144348835,0.000387,0.0,0.004447452,0.0,0.0,0.0,0.0,0.000773
UTK_DonorK_face,12,0.528631487,0.34966657,0.025587127,0.091910699,0.000362,0.000362,0.002391998,0.000507,0.0,0.0,0.0,0.00058
UTK_DonorK_face,11,0.422732818,0.401382676,0.021146808,0.14816321,0.000136,0.000136,0.005083367,0.000407,0.0,0.0,0.0,0.000814
UTK_DonorK_face,10,0.181946194,0.803453643,0.0017787,0.012006225,0.0,0.0,0.0,0.0,0.0,0.0,0.0,0.000815
UTK_DonorK_face,9,0.508096977,0.443133951,0.013104933,0.032855939,0.000655,0.000187,0.00112328,0.0,0.0,0.0,0.0,0.000842
UTK_DonorK_face,8,0.360763169,0.576026545,0.021899627,0.037826628,0.00120282,0.000498,0.000747,8.3e-05,8.3e-05,0.0,0.0,0.000871
UTK_DonorK_face,7,0.252355426,0.67392246,0.014619883,0.056232402,0.000839,0.000298,0.001001733,5.41e-05,5.41e-05,0.000108,0.0,0.0005145
UTK_DonorK_face,6,0.39345762,0.49900634,0.038736948,0.065013722,0.001040977,0.000442,0.000915,0.000189,0.0,0.000126,0.0,0.0010722
UTK_DonorK_face,5,0.169270902,0.716950805,0.025084978,0.083844958,0.001317488,0.000422,0.00110669,0.000211,0.000158,0.000211,0.0,0.0014218
UTK_DonorK_face,4,0.325244557,0.569400807,0.030995833,0.070526105,0.00098,0.000602,0.000936,8.91e-05,0.000111,0.000111,4.46e-05,0.0009580999999999
UTK_DonorK_face,3,0.216962306,0.68386918,0.022949002,0.070676275,0.000942,0.001025499,0.00174612,0.000277,0.000222,5.54e-05,0.0,0.0012748
UTK_DonorK_face,2,0.25606883,0.665241444,0.025200258,0.048061988,0.001553202,0.000524,0.001605557,0.0,8.73e-05,0.0,0.0,0.0016576
UTK_DonorK_face,1,0.080906874,0.884127221,0.00330994,0.025608481,0.003932109,0.000274,0.001368772,4.98e-05,0.0,4.98e-05,0.0,0.0003734
UTK_DonorL_face,21,0.778448615,0.029400184,0.014175089,0.002625016,0.104475653,0.027431421,0.0,0.0,0.007612548,0.001312508,0.0,0.03452094
UTK_DonorL_face,20,0.927838967,0.009748069,0.006203317,0.000633,0.040511457,0.009494873,0.0,0.0,0.001012786,0.0,0.000253,0.004302769
UTK_DonorL_face,19,0.878121547,0.051270718,0.035027624,0.015911602,0.007734807,0.00839779,0.001325967,0.00011,0.000221,0.0,0.0,0.001878
UTK_DonorL_face,18,0.584176937,0.357834507,0.021897007,0.00506162,0.027508803,0.001980634,0.00077,0.0,0.0,0.0,0.0,0.00077
UTK_DonorL_face,17,0.567238913,0.426016759,0.000715,0.000409,0.000613,0.000204,0.004802779,0.0,0.0,0.0,0.0,0.0
UTK_DonorL_face,16,0.352495934,0.633429251,0.005129488,0.00344051,0.000626,0.000125,0.00475416,0.0,0.0,0.0,0.0,0.0
UTK_DonorL_face,15,0.194181723,0.801774183,0.003326593,0.0,0.0,0.0,0.000718,0.0,0.0,0.0,0.0,0.0
UTK_DonorL_face,14,0.786324786,0.156034188,0.034324786,0.016820513,0.000684,0.00041,0.005059829,0.0,0.000205,0.0,0.0,0.000137
UTK_DonorL_face,13,0.725006111,0.214128575,0.026521633,0.028843803,0.000489,0.000611,0.003422146,0.0,0.0,0.0,0.0,0.000978
UTK_DonorL_face,12,0.627201566,0.242770167,0.095020657,0.026310067,0.001848228,0.000652,0.004674929,0.0,0.000217,0.0,0.0,0.001304
UTK_DonorL_face,11,0.546124917,0.26981786,0.012978394,0.159796475,0.001032372,0.002654671,0.003908266,0.0,0.000221,0.0,0.0,0.003464412
UTK_DonorL_face,10,0.429496015,0.560556122,0.002157368,0.006891592,0.00036,0.00024,0.00018,0.0,0.0,0.0,0.0,0.00012
UTK_DonorL_face,9,0.16878384,0.810860058,0.003123698,0.015097876,0.000208,0.000208,0.00026,0.0,0.000312,0.0,0.0,0.001145
UTK_DonorL_face,8,0.248529867,0.671721861,0.009388218,0.065717528,0.000722,0.000929,0.000516,0.0,0.000413,0.0,0.0,0.002064
UTK_DonorL_face,7,0.195477949,0.709066488,0.008484441,0.082807253,0.000761,0.000963,0.001186479,0.0,4.48e-05,0.000246,0.0,0.0009635
UTK_DonorL_face,6,0.227838308,0.618561021,0.011282316,0.130165689,0.001901876,0.004867513,0.001224937,0.0,6.45e-05,0.000484,0.0,0.0036109
UTK_DonorL_face,5,0.352469695,0.502492353,0.018636003,0.115016427,0.001982554,0.002464031,0.002152487,0.000113,0.00085,5.66e-05,0.0,0.003764443
UTK_DonorL_face,4,0.124018005,0.789778759,0.014459213,0.067773578,0.000934,0.000892,0.000913,0.0,0.000212,4.25e-05,0.0,0.0009763999999999
UTK_DonorL_face,3,0.115103279,0.805427678,0.016562202,0.056222905,0.001865597,0.002429302,0.000899,2.68e-05,0.000188,5.37e-05,6.71e-05,0.0011533
UTK_DonorL_face,2,0.255120599,0.644166841,0.027429117,0.052055693,0.006767836,0.008944277,0.001282013,0.0,0.000537,0.000239,0.0,0.0034597129999999
UTK_DonorL_face,1,0.339218769,0.452140525,0.019802878,0.144727295,0.034798646,0.004141976,0.001934938,0.0,0.000605,6.05e-05,0.0,0.0025701
