ID,day,Gammaproteobacteria,Bacilli,Bacteroidia,Clostridia,Actinobacteria,Alphaproteobacteria,Deinococci
CMU_16_12,21,0.02819257,0.033747461,0.05895353,0.127224943,0.693077291,0.009556803,0.000329
CMU_16_12,20,0.025092163,0.013289333,0.027440837,0.063533119,0.784159829,0.029789511,0.003121655
CMU_16_12,19,0.023244902,0.013463274,0.04464898,0.058798051,0.681970763,0.07388558,0.004042592
CMU_16_12,18,0.129837703,0.024344569,0.009363296,0.014669164,0.684144819,0.066791511,0.001248439
CMU_16_12,17,0.08202765,0.055299539,0.006451613,0.01843318,0.746543779,0.037788018,0.011981567
CMU_16_12,16,0.175129534,0.074611399,0.008290155,0.020725389,0.455958549,0.12746114,0.040414508
CMU_16_12,15,0.080597015,0.03880597,0.113432836,0.007960199,0.275621891,0.167661692,0.017910448
CMU_16_12,14,0.167400881,0.083700441,0.110132159,0,0.281938326,0.140969163,0
CMU_16_12,13,0.669570267,0.102787456,0.00116144,0,0.151567944,0.038908246,0.019744483
CMU_16_12,12,0.037708831,0.028162291,0.075894988,0.020047733,0.448210024,0.165155131,0.024343675
CMU_16_12,11,0.019446605,0.007445272,0.093454828,0.007445272,0.244471608,0.212579175,0.018113124
CMU_16_12,10,0.216019417,0.281553398,0.009708738,0,0.211165049,0.123786408,0
CMU_16_12,9,0.305555556,0.444444444,0.055555556,0,0,0.055555556,0
CMU_16_12,8,0.428571429,0.071428571,0.091836735,0.102040816,0,0.06122449,0
CMU_16_12,7,0.32038835,0.165048544,0.097087379,0,0.203883495,0.155339806,0.038834951
CMU_16_12,6,0.353846154,0.046153846,0.076923077,0,0.169230769,0.292307692,0.030769231
CMU_16_12,5,0.140127389,0.105095541,0.159235669,0,0.315286624,0.149681529,0.02866242
CMU_16_12,4,0.022857143,0.068571429,0.034285714,0.034285714,0.474285714,0.182857143,0.034285714
CMU_16_12,3,0.333333333,0,0,0,0.541666667,0,0
CMU_16_12,2,0.332446809,0.005319149,0.167553191,0.005319149,0.103723404,0.034574468,0.026595745
CMU_16_12,1,0.727272727,0,0.068181818,0,0.136363636,0,0
CMU_16_14,21,0.056962856,0.178238614,0.013781336,0.228638929,0.493109332,0.006168789,0.000263
CMU_16_14,20,0.052263907,0.08771022,0.017852523,0.117464424,0.609055627,0.040362225,0.007761966
CMU_16_14,19,0.029918616,0.342420073,0.003731082,0.153254203,0.459599375,0.005666581,0
CMU_16_14,18,0.271966527,0.121338912,0.012552301,0.075313808,0.238493724,0.058577406,0
CMU_16_14,17,0.234901389,0.036221318,0.106208273,0.004834625,0.194612846,0.163533113,0.001765022
CMU_16_14,16,0.149074074,0.067592593,0.081481481,0.062037037,0.400925926,0.096296296,0.007407407
CMU_16_14,15,0.039813486,0.06133429,0.070659971,0.057388809,0.289454806,0.2482066,0.020803443
CMU_16_14,14,0.205220061,0.058341863,0.073694985,0.002558854,0.169907881,0.172978506,0.005629478
CMU_16_14,13,0.306179775,0.098314607,0.008426966,0.070224719,0.362359551,0.030898876,0.112359551
CMU_16_14,12,0.018811136,0.006882663,0.09106803,0.001106537,0.19455141,0.23150976,0.015181693
CMU_16_14,11,0.266272189,0.140532544,0.028106509,0.028106509,0.331360947,0.057692308,0.032544379
CMU_16_14,10,0.273015873,0.146031746,0.101587302,0,0.117460317,0.20952381,0.044444444
CMU_16_14,9,0.053069054,0.090792839,0.067774936,0.000639,0.284526854,0.242007673,0.005434783
CMU_16_14,8,0.296296296,0.074074074,0.055555556,0.12962963,0.111111111,0.092592593,0.092592593
CMU_16_14,7,0.896551724,0,0,0,0,0,0
CMU_16_14,6,0.444444444,0.154320988,0,0.061728395,0.111111111,0.061728395,0.067901235
CMU_16_14,5,0.021784961,0.014054814,0.088545327,0.001405481,0.243148278,0.198172874,0.005621926
CMU_16_14,4,0.769230769,0.076923077,0,0,0.076923077,0.076923077,0
CMU_16_14,3,0.30625,0,0.0625,0,0.13125,0.3875,0.04375
CMU_16_14,2,0.462603878,0.04432133,0.152354571,0.008310249,0.011080332,0.138504155,0.008310249
CMU_16_14,1,0.311320755,0.037735849,0.169811321,0.037735849,0.103773585,0.132075472,0.094339623
CMU_16_15,21,0.609625668,0.069518717,0.016042781,0,0.090909091,0.144385027,0
CMU_16_15,20,0.484042553,0.265957447,0,0,0,0.175531915,0.074468085
CMU_16_15,19,0.157657658,0.009009009,0.175675676,0,0.184684685,0.144144144,0.045045045
CMU_16_15,18,0.083813747,0.042128603,0.112638581,0.01286031,0.289578714,0.229268293,0.013747228
CMU_16_15,17,0.353293413,0.105788423,0.037924152,0.017964072,0.161676647,0.249500998,0.02994012
CMU_16_15,16,0.2812594,0.034994485,0.099568836,0.003308934,0.197132257,0.162639126,0.001002707
CMU_16_15,15,0.654929577,0.14084507,0,0,0.056338028,0.133802817,0
CMU_16_15,14,0.040394402,0.035941476,0.121819338,0.006679389,0.219783715,0.16062341,0.013358779
CMU_16_15,13,0.404958678,0.099173554,0.049586777,0,0.074380165,0.173553719,0
CMU_16_15,12,0.225253748,0.096098333,0.0663004,0.002979793,0.207374988,0.173107366,0.003631623
CMU_16_15,11,0.389105058,0.073929961,0.031128405,0,0.147859922,0.19844358,0.027237354
CMU_16_15,10,0.060795455,0.014772727,0.063636364,0,0.241477273,0.303977273,0.044318182
CMU_16_15,9,0.581288344,0.127300613,0.047546012,0,0.062883436,0.058282209,0.076687117
CMU_16_15,8,0.268292683,0.195121951,0.085365854,0.036585366,0.146341463,0.109756098,0
CMU_16_15,7,0.16957606,0.02244389,0.152119701,0,0.097256858,0.162094763,0
CMU_16_15,6,0.457534247,0.084931507,0.079452055,0.005479452,0.131506849,0.079452055,0.01369863
CMU_16_15,5,0.403508772,0.070175439,0.140350877,0,0.070175439,0.315789474,0
CMU_16_15,4,0.184615385,0.084615385,0,0,0.246153846,0.353846154,0.023076923
CMU_16_15,3,0.657894737,0.052631579,0,0,0.131578947,0.052631579,0.052631579
CMU_16_15,2,0.7421875,0.0859375,0.078125,0,0.0234375,0,0.015625
CMU_16_15,1,0.153583618,0.04778157,0.030716724,0.013651877,0.112627986,0.184300341,0.006825939
CMU_16_3,21,0.022303595,0.012316911,0.031624501,0.406125166,0.501498003,0.003661784,0
CMU_16_3,20,0.009291521,0.010162602,0.003774681,0.161730546,0.515679443,0.029907085,0
CMU_16_3,19,0.07970313,0.023233301,0.075830913,0.227815424,0.50887383,0.023555986,0
CMU_16_3,18,0.010869565,0.043478261,0,0.190217391,0.717391304,0.010869565,0
CMU_16_3,17,0.312620115,0.053171044,0.062780269,0.060217809,0.345932095,0.046124279,0
CMU_16_3,16,0.692307692,0,0,0,0,0,0
CMU_16_3,15,0.091836735,0.022108844,0.027210884,0.181972789,0.557823129,0.051020408,0
CMU_16_3,14,0.039092664,0.02027027,0.041988417,0.173745174,0.613416988,0.055984556,0
CMU_16_3,13,0.021451271,0.0625,0.113082627,0.043961864,0.731197034,0.015360169,0
CMU_16_3,12,0.062987737,0.033584169,0.008500557,0.31925864,0.501393534,0.008918618,0.000418
CMU_16_3,11,0.881918185,0.049501547,0.028532142,0.006359574,0.021828807,0.002578206,0
CMU_16_3,10,0.357397858,0.140817136,0.030940103,0.086076954,0.324077747,0.056326854,0
CMU_16_3,9,0.617630353,0.063841872,0.104169033,0.039191185,0.134386005,0.013063728,0.000909
CMU_16_3,8,0.718446602,0.145631068,0.077669903,0.019417476,0.038834951,0,0
CMU_16_3,7,0.807734205,0.045751634,0.024782135,0.024509804,0.072440087,0.003540305,0
CMU_16_3,6,0.729101445,0.137214414,0.105042297,0.014254313,0.007326983,0.001998268,0
CMU_16_3,5,0.848420413,0.104040097,0.036755772,0.001215067,0.008353584,0.001215067,0
CMU_16_3,4,0.810260586,0.083876221,0.076004343,0.019815418,0.002714441,0.002985885,0
CMU_16_3,3,0.600746269,0.063432836,0.134328358,0.018656716,0.149253731,0.03358209,0
CMU_16_3,2,0.76344236,0.10230839,0.093242207,0.00536997,0.020364042,0.009066183,0
CMU_16_3,1,0.725255973,0.183381465,0.027697558,0.009976372,0.037542662,0.007482279,0
CMU_16_4,21,0.418804267,0.467824361,0.028677747,0.005805011,0.059092037,0.001438849,0
CMU_16_4,20,0.429487179,0.044871795,0.115384615,0,0.16025641,0.224358974,0
CMU_16_4,19,0.271477663,0.219931271,0.010309278,0.10652921,0.326460481,0.006872852,0.027491409
CMU_16_4,18,0.5,0.26486014,0.016608392,0.017482517,0.15472028,0.027972028,0
CMU_16_4,17,0.408071749,0.170403587,0.116591928,0.049327354,0.179372197,0,0
CMU_16_4,16,0.126079447,0.062176166,0.22970639,0.028497409,0.18566494,0.094127807,0
CMU_16_4,15,0.151133501,0.214105793,0.173803526,0.065491184,0.317380353,0.037783375,0
CMU_16_4,14,0.690378507,0.115272631,0.134462679,0.015087348,0.02541027,0.006617258,0.000331
CMU_16_4,13,0.676655287,0.13659544,0.118093311,0.005984743,0.023601804,0.014666835,0.000337
CMU_16_4,12,0.679282869,0.105577689,0.075697211,0.033864542,0.041832669,0.029880478,0
CMU_16_4,11,0.911098941,0.050200803,0.018254838,0.012960935,0.006024096,0.000913,0
CMU_16_4,10,0.542056075,0.121495327,0.093457944,0.224299065,0.018691589,0,0
CMU_16_4,9,0.592185762,0.265572859,0.097330367,0.009176863,0.025444939,0.004032258,0
CMU_16_4,8,0.627139364,0.11002445,0.193154034,0.012224939,0.026894866,0.019559902,0
CMU_16_4,7,0.630097438,0.19704078,0.126669073,0.010465536,0.024900758,0.007217611,0
CMU_16_4,6,0.736010533,0.103357472,0.083607637,0.011356155,0.031599737,0.011356155,0
CMU_16_4,5,0.758336198,0.133551048,0.08336198,0.013578549,0.00464077,0.000688,0
CMU_16_4,4,0.637144201,0.208656787,0.09550694,0.020818631,0.023406257,0.002470007,0
CMU_16_4,3,0.696205572,0.154658982,0.115994236,0.016810759,0.008165226,0.00192123,0.00048
CMU_16_4,2,0.525937749,0.343974461,0.08028731,0.025698324,0.003351955,0.000958,0
CMU_16_4,1,0.525937749,0.343974461,0.08028731,0.025698324,0.003351955,0.000958,0
CMU_16_5,21,0.000688,0.037349398,0.021170396,0.292598967,0.636660929,0.000516,0
CMU_16_5,20,0.029266633,0.193636209,0.044240259,0.295218649,0.124893653,0.031138336,0
CMU_16_5,19,0.006832848,0.151967607,0.051879033,0.131342528,0.558015943,0.033911173,0.000633
CMU_16_5,18,0.014599794,0.070937822,0.092408107,0.195293714,0.484369632,0.029886637,0.000859
CMU_16_5,17,0.109289617,0.382513661,0.087431694,0.038251366,0.240437158,0.12568306,0
CMU_16_5,16,0.046632124,0.14507772,0.010362694,0.139896373,0.440414508,0,0
CMU_16_5,15,0.309623431,0.179916318,0,0.075313808,0.435146444,0,0
CMU_16_5,14,0.370073123,0.214374889,0.067594079,0.031389335,0.263420724,0.00945247,0
CMU_16_5,13,0.536708861,0.100632911,0.060759494,0.063291139,0.15,0.028481013,0
CMU_16_5,12,0.349564172,0.221220319,0.078449053,0.009918846,0.107604448,0.075142771,0.003606853
CMU_16_5,11,0.393128246,0.135037954,0.075509389,0.022972433,0.299640431,0.02776668,0.001997603
CMU_16_5,10,0.174624015,0.206731917,0.00513249,0.05204106,0.55753163,0.000836,0
CMU_16_5,9,0.108853411,0.210691824,0.012941461,0.030962748,0.615989357,0,0
CMU_16_5,8,0.401665771,0.100752284,0.12869425,0.007254164,0.349274584,0.004030091,0
CMU_16_5,7,0.582444866,0.109537024,0.170439609,0.010223456,0.120052578,0.000584,0
CMU_16_5,6,0.644008715,0.167320261,0.137908497,0.011764706,0.028976035,0.001525054,0
CMU_16_5,5,0.75693022,0.095998908,0.122627339,0.005598798,0.017479175,0,0
CMU_16_5,4,0.695411606,0.288259109,0.007962213,0.006747638,0.00054,0,0
CMU_16_5,3,0.383108588,0.463875089,0.014194464,0.048119233,0.035202271,0.029240596,0.000852
CMU_16_5,2,0.51784998,0.363417569,0.011231448,0.036903329,0.05615724,0.004813478,0
CMU_16_5,1,0.681185654,0.263717615,0.004412264,0.034958706,0.004072859,0.004751669,0
CMU_16_9,21,0.120820248,0.069277665,0.021429891,0.018289304,0.584518751,0.072233512,0.011269167
CMU_16_9,20,0.159292035,0.10619469,0.017699115,0,0.345132743,0.132743363,0.061946903
CMU_16_9,19,0.066617321,0.076486553,0.053540587,0.007401925,0.49247471,0.15420676,0.017517888
CMU_16_9,18,0.146666667,0.266666667,0,0.026666667,0.346666667,0,0
CMU_16_9,17,0,0.5,0,0,0.25,0,0.25
CMU_16_9,16,0.071428571,0.5,0,0,0.214285714,0,0.214285714
CMU_16_9,15,0.303030303,0.163636364,0.060606061,0,0.078787879,0.212121212,0.012121212
CMU_16_9,14,0.474459975,0.159085133,0.014485388,0.028208386,0.112071156,0.082337992,0.013977128
CMU_16_9,13,0.065379362,0.930026077,0.000124,0.003414876,0.000186,0.000248,0
CMU_16_9,12,0.055889457,0.750154468,0.006347245,0.116946582,0.019210245,0.022636634,0.000899
CMU_16_9,11,0.039983427,0.866790967,0.000691,0.06981562,0.00414336,0.005593536,0
CMU_16_9,10,0.022603542,0.783198953,0.003790228,0.139618221,0.008751981,0.007098064,0.000345
CMU_16_9,9,0.021832431,0.833830939,0.007370778,0.09526031,0.011755925,0.014648255,0.00028
CMU_16_9,8,0.0065037,0.743047769,0.02758466,0.039302534,0.048553487,0.06649473,0.002691186
CMU_16_9,7,0.01974821,0.364189912,0.044598042,0.300501934,0.069118736,0.083107052,0.001234263
CMU_16_9,6,0.016409817,0.351598174,0.041024543,0.179580479,0.106164384,0.169449201,0.004851598
CMU_16_9,5,0.008222602,0.315353243,0.050059203,0.192606236,0.081633996,0.146099197,0.004473096
CMU_16_9,4,0.023213724,0.768177526,0.010937992,0.069247718,0.031712307,0.030138495,0.001809884
CMU_16_9,3,0.060386473,0.444444444,0.031400966,0.026570048,0.103864734,0.198067633,0.028985507
CMU_16_9,2,0.013024013,0.403032153,0.030728531,0.163207163,0.10989011,0.128612129,0.003256003
CMU_16_9,1,0.019412643,0.150074664,0.035589846,0.133399701,0.236933798,0.301891488,0.00149328
CMU_17_1,21,0.477107224,0.121536787,0.057420273,0.023687955,0.12521972,0.125303423,0.005775508
CMU_17_1,20,0.329411765,0.623529412,0,0,0.023529412,0,0
CMU_17_1,19,0.040153663,0.509375286,0.012165005,0.007317296,0.409768591,0.013536998,0.000549
CMU_17_1,18,0.09351098,0.223044658,0.027880582,0.00074,0.270663706,0.092770787,0.008882309
CMU_17_1,17,0.182666667,0.244,0,0.004,0.385333333,0.133333333,0.010666667
CMU_17_1,16,0.402020202,0.234343434,0.123232323,0.018181818,0.062626263,0.115151515,0.038383838
CMU_17_1,15,0,0,0,0,0,0,0
CMU_17_1,14,0.7,0.275,0,0,0,0.025,0
CMU_17_1,13,0.157925072,0.226512968,0.01556196,0,0.438616715,0.09221902,0.029971182
CMU_17_1,12,0.36996337,0.188644689,0.058608059,0,0.038461538,0.117216117,0.155677656
CMU_17_1,11,0.552,0.172,0.024,0,0.014,0.072,0.156
CMU_17_1,10,0.759152216,0.146435453,0.026974952,0.01734104,0.02504817,0.009633911,0.015414258
CMU_17_1,9,0.581787521,0.117200675,0.014333895,0,0.073355818,0.080944351,0.046374368
CMU_17_1,8,0.955595027,0.013321492,0.028419183,0,0,0,0.002664298
CMU_17_1,7,0.859649123,0.010156971,0.111726685,0.002770083,0.004616805,0.007386888,0.001846722
CMU_17_1,6,0.627202359,0.012937707,0.357464062,0,0.001142647,0.000663,0.000442
CMU_17_1,5,0.25,0.375,0.078125,0,0,0.109375,0.09375
CMU_17_1,4,0.542682927,0.12804878,0.048780488,0,0.085365854,0.036585366,0.054878049
CMU_17_1,3,0.666666667,0.111814346,0.103375527,0,0.065400844,0.035864979,0.016877637
CMU_17_1,2,0.314516129,0.25,0.153225806,0,0.064516129,0.096774194,0.036290323
CMU_17_1,1,0.748945148,0.084388186,0.03164557,0,0.107594937,0.008438819,0.010548523
CMU_17_10,21,0.270422535,0.425352113,0.025352113,0.076056338,0.107042254,0.050704225,0.005633803
CMU_17_10,20,0.052982137,0.580684226,0.069330911,0.008174387,0.085679685,0.108991826,0.010596427
CMU_17_10,19,0.165505226,0.017421603,0.148083624,0,0.177700348,0.294425087,0.029616725
CMU_17_10,18,0.03453136,0.028893587,0.118393235,0.001409443,0.135306554,0.263565891,0.009866103
CMU_17_10,17,0.089552239,0.021144279,0.077114428,0.051616915,0.231965174,0.294776119,0.015547264
CMU_17_10,16,0.318627451,0.012745098,0.066666667,0.115686275,0.148039216,0.159803922,0.008823529
CMU_17_10,15,0.745322245,0.046257796,0.031704782,0.008316008,0.061850312,0.082640333,0.001039501
CMU_17_10,14,0.620730271,0.107184923,0.036513545,0.023557126,0.09540636,0.0795053,0.001766784
CMU_17_10,13,0.967029559,0.030830309,0,0.001395738,0.000682,0,0
CMU_17_10,12,0.874813121,0.029285023,0.014158825,0.030142468,0.016577258,0.018336118,0.000616
CMU_17_10,11,0.735325507,0.088580576,0.040554963,0.06189968,0.019210245,0.033084312,0.01280683
CMU_17_10,10,0.399463207,0.327219861,0.07246701,0.087676135,0.029299933,0.049876985,0.002683963
CMU_17_10,9,0.486983239,0.053301512,0.074177708,0.246097715,0.084986147,0.019312539,0.001426494
CMU_17_10,8,0.045090615,0.041448681,0.008208804,0.873052577,0.011243749,0.008902506,0.001416308
CMU_17_10,7,0.155282332,0.051001821,0.050546448,0.68442623,0.009562842,0.021857923,0.003187614
CMU_17_10,6,0.170090386,0.048479869,0.06409203,0.40673788,0.0673788,0.056696795,0.005751849
CMU_17_10,5,0.969872385,0.004315222,0.002762794,0.000605,0.006078148,0.007025391,0.000737
CMU_17_10,4,0.070224719,0.073033708,0.037921348,0.546348315,0.064606742,0.14747191,0.002808989
CMU_17_10,3,0.076710799,0.037944742,0.089654719,0.064522488,0.195242945,0.257761424,0.006504813
CMU_17_10,2,0.172774869,0.05061082,0.106457243,0.218150087,0.148342059,0.076788831,0.02617801
CMU_17_10,1,0.214285714,0.055803571,0.008928571,0.401785714,0.033482143,0.104910714,0.005952381
CMU_17_12,21,0.013548333,0.611919209,0.12617405,0.007646912,0.165904746,0.029673344,0.003906575
CMU_17_12,20,0.108692933,0.345340838,0.081550969,0.002001251,0.150343965,0.15272045,0.011507192
CMU_17_12,19,0.085381302,0.112237142,0.124398277,0.008107423,0.254877122,0.18621738,0.020775272
CMU_17_12,18,0.181818182,0.227272727,0.181818182,0,0.090909091,0.090909091,0
CMU_17_12,17,0.036683786,0.071460015,0.142773294,0.000514,0.138297872,0.31841526,0.018855466
CMU_17_12,16,0.036683786,0.071460015,0.142773294,0.000514,0.138297872,0.31841526,0.018855466
CMU_17_12,15,0.926911418,0.006820478,0.002020882,0.051027282,0.005557427,0.001936679,0.001684069
CMU_17_12,14,0.176470588,0.284313725,0.117647059,0,0.137254902,0.18627451,0.029411765
CMU_17_12,13,0.381322957,0.120622568,0.015564202,0.011673152,0.159533074,0.175097276,0.027237354
CMU_17_12,12,0.09486166,0.075098814,0.071146245,0.071146245,0.264822134,0.18972332,0.051383399
CMU_17_12,11,0.055292259,0.055292259,0.110584518,0,0.17535545,0.274881517,0.007898894
CMU_17_12,10,0.033253205,0.022035256,0.150507479,0.001469017,0.16653312,0.281784188,0.013755342
CMU_17_12,9,0.709190355,0.147138125,0.031584624,0.001232571,0.022648486,0.042908867,0.002156999
CMU_17_12,8,0.457416655,0.051963828,0.060062087,0.003779187,0.139425024,0.135915778,0.010932649
CMU_17_12,7,0.065813528,0.034430225,0.136502133,0.00944546,0.217550274,0.17519805,0.022547227
CMU_17_12,6,0.074204947,0.236749117,0.049469965,0,0.243816254,0.159010601,0.03180212
CMU_17_12,5,0.221363456,0.145065398,0.088386841,0.001288149,0.179845422,0.19163694,0.013971463
CMU_17_12,4,0.200501253,0.070175439,0.125313283,0.015037594,0.126566416,0.21679198,0.021303258
CMU_17_12,3,0.037386383,0.037043389,0.144057623,0.003344195,0.197650489,0.273280741,0.010118333
CMU_17_12,2,0.033351601,0.026070618,0.106631175,0.003523056,0.21835121,0.271431927,0.014248806
CMU_17_12,1,0.035263158,0.026842105,0.131789474,0.003578947,0.205368421,0.259473684,0.021052632
CMU_17_4,21,0.095092025,0.147239264,0.147239264,0.006134969,0.285276074,0.13803681,0
CMU_17_4,20,0.105678233,0.157728707,0.272870662,0.007886435,0.216088328,0.140378549,0.004731861
CMU_17_4,19,0.570776256,0.150684932,0.066210046,0.077625571,0.063926941,0.054794521,0
CMU_17_4,18,0.711111111,0.01,0.071111111,0,0.112222222,0.075555556,0
CMU_17_4,17,0.365108095,0.179989945,0.089492207,0.004725993,0.146606335,0.126797386,0.00231272
CMU_17_4,16,0.457912458,0.067340067,0.158249158,0,0.154882155,0.084175084,0.006734007
CMU_17_4,15,0.362369338,0.146341463,0.149825784,0.013937282,0.170731707,0.104529617,0.017421603
CMU_17_4,14,0.775524337,0.093688168,0.075286901,0.013949347,0.01800554,0.009200633,0.001385042
CMU_17_4,13,0.854368932,0.01618123,0.113807983,0.000771,0.006164278,0.004623209,0.000385
CMU_17_4,12,0.609756098,0.182926829,0.024390244,0.073170732,0.024390244,0.06097561,0
CMU_17_4,11,0.330798479,0.178707224,0.057034221,0.087452471,0.216730038,0.102661597,0
CMU_17_4,10,0.607902382,0.059500291,0.226728646,0.026728646,0.032655433,0.021847763,0.001975596
CMU_17_4,9,0.397796589,0.134694386,0.345698992,0.053280219,0.031681813,0.01170173,0.001369351
CMU_17_4,8,0.409635997,0.074923061,0.271357317,0.028653295,0.151437971,0.02239202,0.002016343
CMU_17_4,7,0.935552408,0.044688385,0.002195467,0.008215297,0.003186969,0.001274788,0.001699717
CMU_17_4,6,0.858549839,0.132025811,0,0.006155544,0.000382,0.000255,0
CMU_17_4,5,0.76052182,0.22810219,0.000893,0.006949837,0.000311,0.000505,0
CMU_17_4,4,0.841962658,0.105029804,0.001330115,0.03704616,0.005418986,0.001280851,0
CMU_17_4,3,0.741680987,0.142712076,0.006092798,0.058897047,0.028042493,0.006873926,0.000859
CMU_17_4,2,0.887072808,0.097870233,0.000644,0.012877662,0.000248,0.000347,0
CMU_17_4,1,0.662712321,0.282758156,0.002089512,0.039228903,0.002898355,0.002156916,0.000404
SHSU_2016_11,21,0.988203367,0.002492246,0.005482942,0.000498,0.001606114,0.000886,0
SHSU_2016_11,20,0.970152271,0.014485918,0.003570947,0.001280151,0.005255356,0.002695055,0
SHSU_2016_11,19,0.669851887,0.289440994,0.028666985,0.000382,0.001337793,0.003822265,0
SHSU_2016_11,18,0.725974148,0.064256276,0.202884976,0.000843,0.000703,0.001498689,0
SHSU_2016_11,17,0.632728592,0.068432511,0.278955007,0.004063861,0.002177068,0.004426705,0
SHSU_2016_11,16,0.674429303,0.152607671,0.1600253,0.000863,0.007302628,0.000748,0
SHSU_2016_11,15,0.689113803,0.109499522,0.143369461,0.023987887,0.0198438,0.000956,0
SHSU_2016_11,14,0.614420525,0.199203775,0.072766146,0.064730168,0.014523739,0.003612504,0
SHSU_2016_11,13,0.336752961,0.14954558,0.329798953,0.135775269,0.000757,0.003029468,0
SHSU_2016_11,12,0.423670458,0.133292346,0.272794344,0.120442668,0.010021519,0.002828159,0
SHSU_2016_11,11,0.581179653,0.157383701,0.162166079,0.050867108,0.021689773,0.002656876,0
SHSU_2016_11,10,0.555239787,0.158081705,0.111545293,0.059325044,0.01740675,0.037833037,0
SHSU_2016_11,9,0.610490308,0.249828962,0.007297605,0.06009122,0.024401368,0.01391106,0
SHSU_2016_11,8,0.393921467,0.238334689,0.062190342,0.200547216,0.022702063,0.031058197,0
SHSU_2016_11,7,0.660952184,0.18857792,0.012083032,0.042755344,0.068470515,0.005886605,0
SHSU_2016_11,6,0.378157504,0.271619614,0.035215453,0.086032689,0.08781575,0.08320951,0
SHSU_2016_11,5,0.631844987,0.117944398,0.047659165,0.053676736,0.042604405,0.065110122,0
SHSU_2016_11,4,0.785056157,0.121931535,0.042639048,0.020445222,0.004573273,0.009886341,0
SHSU_2016_11,3,0.633523977,0.236911571,0.02183238,0.034260889,0.043609767,0.018202816,0
SHSU_2016_11,2,0.727536232,0.10057971,0.010338164,0.014009662,0.033043478,0.086086957,0
SHSU_2016_11,1,0.615542893,0.157011713,0.01764799,0.042339348,0.042260209,0.081433998,0
SHSU_2016_24,21,0.378016086,0.08847185,0.034852547,0.016085791,0.08847185,0.211796247,0
SHSU_2016_24,20,0.594985535,0.174541948,0.087753134,0.021215043,0.026036644,0.020250723,0
SHSU_2016_24,19,0.257265877,0.051847865,0.028345892,0.130247578,0.077143882,0.162899175,0
SHSU_2016_24,18,0.773912482,0.016974313,0.077965664,0.004776042,0.01452175,0.042855299,0
SHSU_2016_24,17,0.929902558,0.011449452,0.026187576,0.000914,0.005359318,0.009866017,0
SHSU_2016_24,16,0.534009717,0.006716205,0.451271792,0,0.001000286,0.001714776,0
SHSU_2016_24,15,0.355619116,0.004886188,0.614348707,0.001549279,0.000715,0.004528662,0
SHSU_2016_24,14,0.496013756,0.012115054,0.378458652,0.002501172,0.001250586,0.003986244,0
SHSU_2016_24,13,0.637097609,0.038194804,0.158989753,0.021115827,0.003726322,0.02173688,0
SHSU_2016_24,12,0.520692834,0.075348115,0.242928533,0.054922129,0.003299209,0.013051283,0
SHSU_2016_24,11,0.422992218,0.058434885,0.33078843,0.043165468,0.005726031,0.012773455,0
SHSU_2016_24,10,0.591125198,0.049015169,0.188815938,0.03294091,0.018111841,0.033733303,0
SHSU_2016_24,9,0.51438886,0.143888602,0.042392986,0.106962352,0.046003094,0.037338834,0
SHSU_2016_24,8,0.535051748,0.029681703,0.103104862,0.016598321,0.036125757,0.062097247,0
SHSU_2016_24,7,0.683068196,0.021950919,0.203354298,0.017141448,0.003082994,0.004439512,0
SHSU_2016_24,6,0.660417472,0.010823348,0.139060688,0.016235021,0.003962118,0.007537688,0
SHSU_2016_24,5,0.630758427,0.024859551,0.256320225,0.002668539,0.000421,0.000843,0
SHSU_2016_24,4,0.543756077,0.018822059,0.359286012,0.004445062,0.000208,0.000347,0
SHSU_2016_24,3,0.382858723,0.03323196,0.32806193,0.008791816,0.000774,0.001603539,0
SHSU_2016_24,2,0.31421142,0.208554447,0.321640841,0.116801104,0.000425,0.001061346,0
SHSU_2016_24,1,0.423927942,0.034364598,0.44595653,0.009692579,0.000392,0.001860192,0
SHSU_2016_64,21,0.047619048,0.214285714,0.380952381,0.166666667,0.047619048,0.095238095,0
SHSU_2016_64,20,0.612244898,0.081632653,0.132653061,0.030612245,0.051020408,0.071428571,0.020408163
SHSU_2016_64,19,0.623134328,0.059701493,0,0,0.02238806,0.235074627,0.01119403
SHSU_2016_64,18,0.678396308,0.145659071,0.062878569,0.003461206,0.040669166,0.045860975,0.00230747
SHSU_2016_64,17,0.774268034,0.191650503,0.017641082,0.009697977,0.003417382,0.000739,0
SHSU_2016_64,16,0.308778924,0.561487131,0.119507756,0.007452986,0.000173,0.000347,0
SHSU_2016_64,15,0.350254478,0.54683059,0.062859409,0.036684513,0.000529,0,0
SHSU_2016_64,14,0.134695714,0.80155517,0.009318167,0.050639419,0,0.000321,0
SHSU_2016_64,13,0.34959983,0.550038955,0.040512784,0.050286848,0.001770664,0.002478929,0
SHSU_2016_64,12,0.401833461,0.470796583,0.060907007,0.061323703,0.000486,0.000139,0
SHSU_2016_64,11,0.35870313,0.511351909,0.040419677,0.076453388,0.001719986,0.002407981,0.001633987
SHSU_2016_64,10,0.101438304,0.82156375,0.020222775,0.051476154,0.000324,0.001405861,0.000216
SHSU_2016_64,9,0.210147601,0.563776138,0.050369004,0.164145141,0.001168512,0.001476015,0
SHSU_2016_64,8,0.090492278,0.756756757,0.013513514,0.101351351,0.026303089,0.001930502,0
SHSU_2016_64,7,0.214767255,0.239379347,0.175601926,0.354735152,0.002247191,0.001819155,0
SHSU_2016_64,6,0.054071714,0.591766724,0.036020583,0.279343298,0.018377849,0.002532059,0
SHSU_2016_64,5,0.165076446,0.417979078,0.070123003,0.284055639,0.036670882,0.007472123,0
SHSU_2016_64,4,0.180457746,0.442011444,0.078235035,0.194542254,0.087808099,0.005611796,0
SHSU_2016_64,3,0.088941054,0.538862806,0.029603547,0.176317162,0.141236307,0.004042775,0.004042775
SHSU_2016_64,2,0.155996393,0.525698828,0.03336339,0.195070634,0.059813646,0.007414087,0.000601
SHSU_2016_64,1,0.032731081,0.303220738,0.006022519,0.088242996,0.56114166,0.006284368,0
SHSU_2016_65,21,0.057894737,0.144736842,0.026315789,0.015789474,0.244736842,0.202631579,0.007894737
SHSU_2016_65,20,0.415241449,0.017857143,0.018360161,0.001006036,0.155684105,0.173038229,0.002012072
SHSU_2016_65,19,0.752321981,0.084829721,0.024767802,0,0.024767802,0.059442724,0.017956656
SHSU_2016_65,18,0.941899209,0.013536027,0.01270304,0.001249479,0.001249479,0.025822574,0.000833
SHSU_2016_65,17,0.513636364,0.245454545,0.090909091,0.009090909,0.018181818,0.090909091,0
SHSU_2016_65,16,0.443748971,0.062098501,0.486904958,0.001564816,0.002306045,0.000329,0
SHSU_2016_65,15,0.61604382,0.151956887,0.224224755,0.00565421,0.000618,0.000353,0
SHSU_2016_65,14,0.680784169,0.092380248,0.188089514,0.026262253,0.001756982,0.002866654,0
SHSU_2016_65,13,0.502048686,0.261990841,0.115449506,0.075198843,0.009881899,0.009881899,0.008194746
SHSU_2016_65,12,0.61785607,0.136422781,0.203082774,0.027124412,0.003202883,0.002402162,0
SHSU_2016_65,11,0.55227704,0.20227704,0.150474383,0.045635674,0.008064516,0.013567362,0.001612903
SHSU_2016_65,10,0.162611276,0.73016815,0.015430267,0.073590504,0.003165183,0.002769535,0.000396
SHSU_2016_65,9,0.167979209,0.755945818,0.010395338,0.061269491,0.001575051,0.000709,0
SHSU_2016_65,8,0.072198379,0.494802098,0.087553648,0.32513114,0.007153076,0.001907487,0
SHSU_2016_65,7,0.154896422,0.197834275,0.152259887,0.448210923,0.021845574,0.005932203,0.000188
SHSU_2016_65,6,0.172130198,0.286111433,0.015985173,0.502490444,0.010656782,0.004633384,0
SHSU_2016_65,5,0.081039593,0.435316536,0.057749312,0.39254711,0.018102901,0.005240313,0
SHSU_2016_65,4,0.168832428,0.420287044,0.029383243,0.344647013,0.014352211,0.008436773,0
SHSU_2016_65,3,0.211389554,0.378783613,0.007180065,0.361748557,0.019991553,0.009925384,0
SHSU_2016_65,2,0.171463816,0.448396382,0.025836075,0.286184211,0.034402412,0.013157895,0
SHSU_2016_65,1,0.068777192,0.684161807,0.000555,0.225030084,0.012496529,0.001295936,0
SHSU_2016_67,21,0.010664133,0.139583993,0.004645761,0.401013621,0.384331116,0.002111709,0.001900538
SHSU_2016_67,20,0.194736842,0.394736842,0,0.063157895,0.068421053,0.189473684,0.026315789
SHSU_2016_67,19,0.47037037,0.385185185,0.080246914,0,0.02962963,0.002469136,0.00617284
SHSU_2016_67,18,0.697541303,0.123325094,0.090802654,0.002471705,0.084948615,0.00065,0
SHSU_2016_67,17,0.670247396,0.106770833,0.214029948,0.002766927,0.000732,0.000407,0
SHSU_2016_67,16,0.829862683,0.158291836,0.007092199,0.000754,0.003244304,0.000151,0
SHSU_2016_67,15,0.539188244,0.322953114,0.103568929,0.026125496,0.000583,0.000233,0
SHSU_2016_67,14,0.442357768,0.361161525,0.129803519,0.059654383,0.00071,0,0
SHSU_2016_67,13,0.277744666,0.582310168,0.0865419,0.045535821,0.001668852,0,0
SHSU_2016_67,12,0.267513544,0.402951616,0.234447973,0.083691388,0.005977956,0,0
SHSU_2016_67,11,0.608560115,0.151402814,0.184177269,0.045665178,0.004465414,0.000169,0
SHSU_2016_67,10,0.541908806,0.099128297,0.309901654,0.037326777,0.005699598,0,0
SHSU_2016_67,9,0.638388388,0.109421922,0.202452452,0.037912913,0.002002002,0.000626,0
SHSU_2016_67,8,0.676484617,0.097066539,0.191748152,0.028142142,0.001669449,0.000477,0
SHSU_2016_67,7,0.56255753,0.269418679,0.079232458,0.070381647,0.010337747,0.001345323,0
SHSU_2016_67,6,0.545896328,0.103941685,0.25161987,0.049136069,0.014038877,0.005669546,0.00161987
SHSU_2016_67,5,0.574317331,0.216463657,0.120213359,0.061619298,0.021574715,0.001034949,0.000717
SHSU_2016_67,4,0.558702412,0.09084797,0.206571981,0.129422641,0.004454156,0.000504,0
SHSU_2016_67,3,0.588320264,0.099257119,0.228504609,0.073325079,0.003851974,0,0
SHSU_2016_67,2,0.608920815,0.03591714,0.31523555,0.035833612,0.000668,0,0
SHSU_2016_67,1,0.567125776,0.110110489,0.215680339,0.095126381,0.004691993,0.000984,0.000151
SHSU_2016_7,21,0.279610195,0.335082459,0.055472264,0.062218891,0.063718141,0.12143928,0
SHSU_2016_7,20,0.517985612,0.18705036,0.09352518,0.057553957,0.057553957,0.050359712,0
SHSU_2016_7,19,0.609163677,0.161330389,0.028429478,0.0288435,0.024979299,0.064449351,0
SHSU_2016_7,18,0.84029024,0.129905594,0.026527268,0.000936,0.000624,0.00078,0
SHSU_2016_7,17,0.828824492,0.073842303,0.075286416,0.000866,0.003369597,0.005583903,0
SHSU_2016_7,16,0.447075838,0.120762903,0.429811082,0.001175088,0,0.000994,0
SHSU_2016_7,15,0.490066977,0.064025429,0.435009649,0.006016574,0.003065047,0,0
SHSU_2016_7,14,0.609255791,0.075288958,0.301521312,0.000548,0.012197908,0.000457,0
SHSU_2016_7,13,0.620244233,0.133297151,0.220027137,0.008738128,0.013839891,0.000326,0
SHSU_2016_7,12,0.597752877,0.163580899,0.19722734,0.022108792,0.012866592,0.000695,0
SHSU_2016_7,11,0.630335604,0.074870321,0.247734517,0.040809949,0.00025,0,0
SHSU_2016_7,10,0.54620796,0.128842633,0.281198805,0.021489833,0.016478751,0.001252771,0
SHSU_2016_7,9,0.766944465,0.134818202,0.047053618,0.0084077,0.035843351,0.001917546,0
SHSU_2016_7,8,0.622667588,0.138908086,0.067380788,0.048836674,0.073600553,0.026376411,0
SHSU_2016_7,7,0.673255738,0.163859809,0.034202484,0.040639834,0.057220886,0.012159438,0
SHSU_2016_7,6,0.681953226,0.199360098,0.010665042,0.025139026,0.055458216,0.008303497,0
SHSU_2016_7,5,0.316519824,0.34592511,0.089317181,0.178634361,0.034030837,0.009030837,0
SHSU_2016_7,4,0.439812915,0.307212604,0.040617051,0.114876508,0.030196111,0.042176089,0
SHSU_2016_7,3,0.507516672,0.258279643,0.036961682,0.07460156,0.030970951,0.049621341,0
SHSU_2016_7,2,0.403279097,0.328159092,0.046505829,0.107225235,0.039274359,0.052054111,0
SHSU_2016_7,1,0.152848476,0.657485531,0.04839272,0.106617391,0.006066523,0.013457918,0
SHSU_2016_72,21,0.423357664,0.116788321,0.124087591,0.03649635,0.01459854,0.080291971,0.051094891
SHSU_2016_72,20,1,0,0,0,0,0,0
SHSU_2016_72,19,0.323529412,0.147058824,0,0,0.058823529,0,0.058823529
SHSU_2016_72,18,0.45631068,0.194174757,0,0.087378641,0.203883495,0.019417476,0
SHSU_2016_72,17,0.7,0.059090909,0.231818182,0,0.009090909,0,0
SHSU_2016_72,16,0.696790348,0.102890963,0.190359663,0.002162531,0.003016162,0.002788527,0.000285
SHSU_2016_72,15,0.692307692,0.051282051,0.111111111,0.017094017,0.017094017,0.05982906,0
SHSU_2016_72,14,0.870524861,0.119607189,0.009772608,0,0,0,0
SHSU_2016_72,13,0.908541499,0.077126741,0.00863359,0.001093588,0.001208703,0.00046,0.00046
SHSU_2016_72,12,0.818212441,0.089602515,0.091735908,0,0,0.000449,0
SHSU_2016_72,11,0.906569804,0.058559697,0.034238787,0.000505,0,0,0
SHSU_2016_72,10,0.949079755,0.033128834,0.015162138,0.000701,0.000175,0.000964,0
SHSU_2016_72,9,0.909999249,0.031515288,0.05484186,0.001652768,0,0.000977,0
SHSU_2016_72,8,0.956062312,0.033044047,0.009186971,0.000726,0,0.000218,0
SHSU_2016_72,7,0.902195425,0.069682883,0.009711419,0.0168454,0.000184,0.000414,0
SHSU_2016_72,6,0.910244146,0.060100653,0.006529967,0.021419956,0.000249553,0.000499106,0
SHSU_2016_72,5,0.808842039,0.130585274,0.000826,0.055420076,0.000393,0.002674638,0.000157
SHSU_2016_72,4,0.85048068,0.106489185,0.00124792,0.037899797,0.000924,0.001987428,0
SHSU_2016_72,3,0.911972655,0.061806433,0.002200684,0.023271059,9.36E-05,0.000328,0
SHSU_2016_72,2,0.736842105,0.263157895,0,0,0,0,0
SHSU_2016_72,1,0.704882803,0.133090109,0.012294467,0.146883902,0.001049528,0.00119946,0
SHSU_2016_73,21,0.081447964,0.135746606,0.013574661,0.009049774,0.07239819,0.294117647,0
SHSU_2016_73,20,0.594936709,0.253164557,0.025316456,0.050632911,0.037974684,0.037974684,0
SHSU_2016_73,19,0.064516129,0.580645161,0,0,0.225806452,0,0
SHSU_2016_73,18,0.397959184,0.214285714,0.020408163,0,0.051020408,0.173469388,0.020408163
SHSU_2016_73,17,0.367647059,0.095588235,0.029411765,0.014705882,0.073529412,0.132352941,0
SHSU_2016_73,16,0.863467701,0.004891213,0.015432619,0.000506,0.020998482,0.037358745,0
SHSU_2016_73,15,0.430481283,0.021390374,0.181818182,0,0.029411765,0.104278075,0
SHSU_2016_73,14,0.470525276,0.171826116,0.330314507,0.000165,0.009632801,0.009715133,0.002387617
SHSU_2016_73,13,0.749101366,0.08411215,0.029475198,0,0.065420561,0.031631919,0.001437815
SHSU_2016_73,12,0.78891258,0.053304904,0.119402985,0,0.010660981,0.012793177,0
SHSU_2016_73,11,0.639109698,0.058823529,0.131955485,0.00317965,0.027027027,0.066772655,0.007949126
SHSU_2016_73,10,0.615742897,0.132329348,0.249857683,0.000362,0.000414,0.000207,0
SHSU_2016_73,9,0.876234503,0.070077747,0.052742173,0,0,0.000735,0
SHSU_2016_73,8,0.828234031,0.047342995,0.120236178,0.001073537,0.000322,0.000644,0
SHSU_2016_73,7,0.5,0.333333333,0.126984127,0,0,0,0.03968254
SHSU_2016_73,6,0.903859067,0.057826757,0.014101197,0.022080025,0.000158,0.000869,0
SHSU_2016_73,5,0.828297248,0.143231025,0.010310096,0.015861686,0,0.000634,0
SHSU_2016_73,4,0.649794577,0.307395234,0.019433032,0.020336894,0.000164,0.000575,0
SHSU_2016_73,3,0.893635887,0.025351659,0.065172706,0.013985732,0.000363,0.000403,0
SHSU_2016_73,2,0.826263057,0.093626093,0.064421232,0.014794287,0.000256,0,0
SHSU_2016_73,1,0.897065897,0.051306718,0.039722623,0.010261344,0.000241,0.0002,0
SHSU_2016_76,21,0.600260134,0.138160272,0.005058169,0.000145,0.235204856,0.008020811,0
SHSU_2016_76,20,0.254769921,0.235690236,0.03030303,0.096520763,0.185185185,0.112233446,0.002244669
SHSU_2016_76,19,0.272727273,0.175324675,0.318181818,0,0.038961039,0.097402597,0.064935065
SHSU_2016_76,18,0.704545455,0.181818182,0,0,0,0.090909091,0
SHSU_2016_76,17,0.390410959,0.479452055,0.082191781,0.020547945,0.01369863,0,0
SHSU_2016_76,16,0.954545455,0.045454545,0,0,0,0,0
SHSU_2016_76,15,0.456140351,0.169590643,0.093567251,0,0.046783626,0.152046784,0
SHSU_2016_76,14,0.521008403,0.168067227,0.054621849,0.008403361,0.046218487,0.134453782,0
SHSU_2016_76,13,0.5951417,0.129554656,0.155870445,0.030364372,0.020242915,0.034412955,0.004048583
SHSU_2016_76,12,0.642335766,0.153284672,0.102189781,0.03649635,0.01459854,0.01459854,0
SHSU_2016_76,11,0.7645171,0.053053856,0.098285027,0.015143917,0.022866312,0.031691907,0.000201
SHSU_2016_76,10,0.401960784,0.176470588,0.039215686,0.029411765,0.068627451,0.176470588,0
SHSU_2016_76,9,0.321357285,0.051896208,0.065868263,0.017964072,0.179640719,0.195608782,0
SHSU_2016_76,8,0.666666667,0.098039216,0.156862745,0,0,0.039215686,0.039215686
SHSU_2016_76,7,0.800291545,0.016034985,0.072886297,0.011661808,0.010204082,0.065597668,0
SHSU_2016_76,6,0.227020507,0.490792119,0.155609168,0.103739445,0.005227181,0.006111781,0.001367109
SHSU_2016_76,5,0.839599531,0.056981574,0.035360528,0.007988071,0.020236447,0.021514538,0.000639
SHSU_2016_76,4,0.731669267,0.035101404,0.070982839,0.005460218,0.038221529,0.060842434,0.002340094
SHSU_2016_76,3,0.744927536,0.107246377,0.015942029,0,0.017391304,0.056521739,0.011594203
SHSU_2016_76,2,0.902022245,0.034681496,0.042467139,0.003842265,0.003134479,0.008190091,0.00091
SHSU_2016_76,1,0.897413957,0.057425366,0.015972618,0.024814604,0.000666,0.001331052,0.00019
SHSU_2017_43,21,0.759398496,0.169172932,0.018796992,0,0.026315789,0,0.026315789
SHSU_2017_43,20,0.737984496,0.221705426,0.007906977,0.00124031,0.004186047,0.005426357,0.013488372
SHSU_2017_43,19,0.757575758,0.147727273,0.041666667,0,0,0.015151515,0.037878788
SHSU_2017_43,18,0.830922318,0.04406723,0.085793127,0.001421524,0.011873903,0.015636759,0.000334
SHSU_2017_43,17,0.453880806,0.240750314,0.221549369,0,0.006129533,0.036038697,0
SHSU_2017_43,16,0.347292297,0.173730239,0.046922301,0.097208207,0.025731584,0.144971409,0.004372688
SHSU_2017_43,15,0.263906278,0.045161867,0.629046682,0.002682883,0.008674656,0.022446789,0.00313003
SHSU_2017_43,14,0.361538462,0.192307692,0.069230769,0,0.092307692,0.076923077,0.107692308
SHSU_2017_43,13,0.338888889,0.066666667,0.3,0.061111111,0.033333333,0.055555556,0.144444444
SHSU_2017_43,12,0.30806846,0.163814181,0.185819071,0.012224939,0.012224939,0.119804401,0.014669927
SHSU_2017_43,11,0.365284974,0.10492228,0.373056995,0,0.046632124,0.060880829,0.009067358
SHSU_2017_43,10,0.498536753,0.116973662,0.347305905,0.022637287,0.002926493,0.004820107,0.001721467
SHSU_2017_43,9,0.72751726,0.109387609,0.149825159,0.009055859,0.001524254,0.000359,0
SHSU_2017_43,8,0.619472362,0.143655779,0.217713568,0.008731156,0.001256281,0.000754,0
SHSU_2017_43,7,0.767128792,0.108800482,0.118746233,0.002109705,0,0.002009243,0
SHSU_2017_43,6,0.431034483,0.277047984,0.259441708,0.017971173,0.003101624,0.005564678,0.001550812
SHSU_2017_43,5,0.836322232,0.094733846,0.056134358,0.008938229,0.000342,0.001195559,0
SHSU_2017_43,4,0.440318806,0.510911506,0.044974382,0.001897653,0.000443,0.000316,0
SHSU_2017_43,3,0.382071449,0.563820714,0.048801289,0.002368995,0.001705676,0.000853,0
SHSU_2017_43,2,0.501353121,0.038411174,0.457878656,0.001222174,0.000611,0.000524,0
SHSU_2017_43,1,0.599100732,0.091812314,0.301762274,0.003045906,0.002393212,0.00058,0
SHSU_2017_45,21,0.919610631,0.046483649,0.008859237,0.001968719,0.010827956,0.005796784,0.005249918
SHSU_2017_45,20,0.100802737,0.160021055,0.004737465,0.115409922,0.363995263,0.062771417,0.00315831
SHSU_2017_45,19,0.171861086,0.331255565,0.024042743,0.081032947,0.284060552,0.050756901,0
SHSU_2017_45,18,0.124700513,0.306217912,0.081574444,0.088876212,0.289788933,0.040730177,0.004677695
SHSU_2017_45,17,0.155393053,0.12797075,0.016453382,0.122486289,0.345521024,0.111517367,0.005484461
SHSU_2017_45,16,0.675,0.19,0.04,0,0.05,0.01,0
SHSU_2017_45,15,0.133047619,0.331428571,0.00447619,0.063047619,0.41047619,0.01247619,0.00019
SHSU_2017_45,14,0.708068496,0.037538323,0.071487325,0.02093771,0.11201675,0.032976894,0.000748
SHSU_2017_45,13,0.899094272,0.046562061,0.03533614,0.006250797,0.006250797,0.001148106,0.004209721
SHSU_2017_45,12,0.850067084,0.043157424,0.097719141,0.003354204,0.002347943,0.00245975,0.000224
SHSU_2017_45,11,0.562900792,0.044700113,0.382968691,0,0.001980385,0.004055074,0.001980385
SHSU_2017_45,10,0.814153994,0.092444019,0.083582804,0.001317208,0.004191115,0.000958,0.001436954
SHSU_2017_45,9,0.820458593,0.101068566,0.048864648,0,0.006901158,0.017252894,0.003227961
SHSU_2017_45,8,0.830374753,0.061012492,0.059697567,0.00486522,0.006837607,0.028402367,0.006574622
SHSU_2017_45,7,0.923333797,0.032002226,0.028245443,0,0.002782802,0.01210519,0
SHSU_2017_45,6,0.670845228,0.176368375,0.026312523,0.002978776,0.002234082,0.097182574,0.002109966
SHSU_2017_45,5,0.774935039,0.068858685,0.151908855,0.0007,0.0002,0.0002,0
SHSU_2017_45,4,0.716184519,0.203935366,0.065155069,0.004430545,0.004300235,0.001433412,0.000652
SHSU_2017_45,3,0.956238421,0.039609021,0.003769246,0,0.000128,0.000128,0
SHSU_2017_45,2,0.848656185,0.129579428,0.01951824,0,0.00062,0,0
SHSU_2017_45,1,0.838989442,0.144230769,0.013763198,0.000189,0.000754,0,0
SHSU_2017_46,21,0.869536114,0.101010777,0.003681639,0.009906955,0.011111855,0.001004083,0.002142044
SHSU_2017_46,20,0.786256755,0.003505185,0.185409668,0.001022346,0.007156419,0.007229444,0
SHSU_2017_46,19,0.818030462,0.040451378,0.11006968,0.00234322,0.005919714,0.009496208,0.000863
SHSU_2017_46,18,0.755848285,0.119236884,0.039064274,0.078431373,0.000227,0.000681,0.000227
SHSU_2017_46,17,0.774725275,0.098901099,0,0.032967033,0,0.032967033,0.038461538
SHSU_2017_46,16,0.804597701,0.132183908,0.028735632,0,0,0,0.034482759
SHSU_2017_46,15,0.733448474,0.102475533,0.124352332,0,0.002878526,0.033390904,0.002302821
SHSU_2017_46,14,0.907011675,0.008738991,0.045674882,0.00041,0.00689561,0.010923739,0.000273
SHSU_2017_46,13,0.875739645,0.013340506,0.093813878,0,0.002689618,0.008821947,0.000538
SHSU_2017_46,12,0.998122377,0.000663,0.000331,0.00011,0.000276,0.00011,0
SHSU_2017_46,11,0.9,0,0.025,0,0.05,0.025,0
SHSU_2017_46,10,0.724005027,0.100963553,0.173439464,0,0.000503,0.000168,0
SHSU_2017_46,9,0.771833202,0.020928403,0.206058222,0,0.001022817,0.000157,0
SHSU_2017_46,8,0.97893959,0.015518197,0.005295893,0,0,0,0
SHSU_2017_46,7,0.811580882,0.065142463,0.120519301,0,0.00023,0,0.001148897
SHSU_2017_46,6,0.722699984,0.058575369,0.214181405,0,0.003082914,0.000162,0.000162
SHSU_2017_46,5,0.590687978,0.063933287,0.337387074,0,0,0.002432245,0.001563586
SHSU_2017_46,4,0.736551489,0.161780611,0.094666135,0.000171,0.002903171,0,0
SHSU_2017_46,3,0.939134355,0.031672678,0.02412083,0,0.000564,0.001014427,0.002817854
SHSU_2017_46,2,0.98627532,0.007689128,0.002645721,0.003224473,0,0,0
SHSU_2017_46,1,0.700774069,0.219013062,0.079922593,0,0,0,0
UTK_DonorA,21,0.243624881,0.385664919,0.074535272,0.006077216,0.166944709,0.09586511,0.001668255
UTK_DonorA,20,0.108479847,0.417055376,0.118406889,0.003588088,0.174739864,0.108360244,0.000478
UTK_DonorA,19,0.130947849,0.573372668,0.028835173,0.027502855,0.132565664,0.081461743,0.00019
UTK_DonorA,18,0.121326208,0.340539228,0.063517124,0.010808841,0.178649502,0.2020889,0
UTK_DonorA,17,0.269833948,0.212638376,0.137915129,0.002306273,0.09501845,0.150369004,0.023062731
UTK_DonorA,16,0.331872946,0.370208105,0.04381161,0.004381161,0.157721796,0.060240964,0.006571742
UTK_DonorA,15,0.309502565,0.042939996,0.10762882,0.005576623,0.135288869,0.176890475,0.002453714
UTK_DonorA,14,0.427573409,0.150038205,0.036076848,0.000655,0.090492304,0.12127497,0.000873
UTK_DonorA,13,0.630375489,0.007364306,0.055232294,0,0.050004546,0.081552868,0.000318
UTK_DonorA,12,0.187763864,0.004937388,0.116601073,7.16E-05,0.048121646,0.112200358,0
UTK_DonorA,11,0.771810071,0.003951859,0.043470451,0,0.019280283,0.052751332,0
UTK_DonorA,10,0.945297347,0.0040764,0.015089253,0,0.010322496,0.012722312,9.86E-05
UTK_DonorA,9,0.976834833,0.003929522,0.008682976,0,0.003327418,0.006147801,0
UTK_DonorA,8,0.977882169,0.010634827,0.006035101,0,0.001761597,0.002870751,0
UTK_DonorA,7,0.975112578,0.015606201,0.005912482,0,0.001340621,0.000791,0
UTK_DonorA,6,0.884747444,0.003395391,0.091942622,0,0.005264764,0.006294827,0
UTK_DonorA,5,0.959119902,0.001449649,0.031409059,0,0.005573095,0.001417434,0
UTK_DonorA,4,0.990451245,0.000763,0.007625742,0,0.000663,0.000166,0
UTK_DonorA,3,0.962856396,0.005558462,0.026680617,0,0.00124248,0.001569448,0.001634842
UTK_DonorA,2,0.993772883,0.001470291,0.003228875,0,0.000865,0.000288,0
UTK_DonorA,1,0.980222587,0.002700237,0.01543514,0,0.000657,0.000547,0
UTK_DonorB,21,0.108757682,0.625329236,0.05190957,0.003841089,0.070566286,0.070017559,0.002743635
UTK_DonorB,20,0.115305422,0.584174919,0.052211001,0.008089028,0.092803216,0.089420531,0.000637
UTK_DonorB,19,0.18776739,0.254159404,0.065441293,0.011725559,0.113769609,0.268420219,0.004912058
UTK_DonorB,18,0.129982867,0.55134209,0.124043404,0.010394061,0.072415762,0.06407767,0
UTK_DonorB,17,0.30870483,0.105302372,0.059605116,0.008940767,0.099590215,0.135229107,0.000745
UTK_DonorB,16,0.449438202,0.113964687,0.136436597,0.003210273,0.035313002,0.149277689,0.003210273
UTK_DonorB,15,0.473285687,0.053274097,0.069692872,0.014448522,0.109406992,0.123121499,0.001699826
UTK_DonorB,14,0.905360688,0.066134064,0.007516309,0.000709,0.004396332,0.005767231,9.45E-05
UTK_DonorB,13,0.940997379,0.020656698,0.016571605,0.000578,0.005356868,0.006166179,0.000154
UTK_DonorB,12,0.927184541,0.044227152,0.016260668,0.000187,0.004430488,0.00407294,7.77E-05
UTK_DonorB,11,0.983474593,0.008707767,0.003870119,0.000155,0.001393243,0.001083633,0
UTK_DonorB,10,0.992020658,0.000775,5.16E-05,0.00622337,0.000723,0.000103,0
UTK_DonorB,9,0.988287277,0.005084865,0,0.005716089,0.000842,7.01E-05,0
UTK_DonorB,8,0.988615097,0.007860262,0.000343,0.002557704,0.000561,0,0
UTK_DonorB,7,0.974467981,0.017766747,0.002506512,0.004324962,0.000614,4.91E-05,0
UTK_DonorB,6,0.952936653,0.031910804,0.011941109,0.001673564,0.001356944,4.52E-05,0
UTK_DonorB,5,0.956015234,0.012172355,0.028700869,0.001244617,0.001344186,4.98E-05,0
UTK_DonorB,4,0.911508296,0.010280286,0.077398994,9.37E-05,0.000656,6.25E-05,0
UTK_DonorB,3,0.915078198,0.040966817,0.041593368,0.000337,0.001783261,4.82E-05,0
UTK_DonorB,2,0.983815029,0.01370768,0.001717589,0,0.000694,6.61E-05,0
UTK_DonorB,1,0.986468843,0.002373887,0.00076,0.008830861,0.000807,0.000499,0
UTK_DonorC,21,0.073017464,0.773391418,0.037087012,0.006476734,0.062030148,0.044720305,0
UTK_DonorC,20,0.215149291,0.738576229,0.00455792,0.003515006,0.029317471,0.007648036,0
UTK_DonorC,19,0.258702091,0.72643031,0.001378259,0.000938,0.00970646,0.001818129,0.000147
UTK_DonorC,18,0.101543175,0.870795193,0.000389,0.003113974,0.021986163,0.001217966,0
UTK_DonorC,17,0.017985239,0.936333031,0.002965169,0.001191247,0.031580992,0.004777936,0.000272
UTK_DonorC,16,0.06219765,0.829993089,0.014512785,0,0.042156185,0.013130615,0.00691085
UTK_DonorC,15,0.189048171,0.771529461,0.003900074,0,0.015336777,0.010329925,0.000369
UTK_DonorC,14,0.719408485,0.259425494,0.011480677,0.000189,0.004110366,0.004535576,0
UTK_DonorC,13,0.393736842,0.555,0.016473684,0.001105263,0.019263158,0.009894737,0.000368
UTK_DonorC,12,0.981615359,0.008713554,0.002058697,0,0.004500407,0.00244171,0
UTK_DonorC,11,0.961426215,0.006090598,0.003870067,0.000127,0.012181195,0.007676691,0.000254
UTK_DonorC,10,0.976552997,0.006207793,0.010570026,0,0.005452791,0.000881,0
UTK_DonorC,9,0.983668386,0.006333393,0.004234122,0,0.005479452,0.000213,0
UTK_DonorC,8,0.942678536,0.010183119,0.044620176,0.000133,0.00110446,0.000795,0
UTK_DonorC,7,0.899137013,0.014586967,0.082583977,0,0.001155179,0.002061202,0
UTK_DonorC,6,0.886531029,0.016517173,0.083752643,0.000255,0.004776489,0.004922336,0
UTK_DonorC,5,0.940810586,0.005388059,0.050275346,0,0.003367537,0,0
UTK_DonorC,4,0.74671155,0.043138808,0.208254363,0,0.000594,0,0
UTK_DonorC,3,0.834728372,0.067705135,0.09323595,0,0.001712827,0.000776,0
UTK_DonorC,2,0.618796662,0.26233348,0.113404577,0.00083,0.00039,9.76E-05,0
UTK_DonorC,1,0.768557445,0.199472925,0.024251741,0.00091,0.002164774,0.001474556,0
UTK_DonorD,21,0.360655738,0.098360656,0.131147541,0,0.213114754,0.049180328,0
UTK_DonorD,20,0.053691275,0.033557047,0.228187919,0,0.100671141,0.295302013,0
UTK_DonorD,19,0.158954989,0.018885741,0.122757318,0.008183821,0.078690589,0.186968839,0
UTK_DonorD,18,0.151960784,0.029411765,0.083333333,0.014705882,0.196078431,0.151960784,0
UTK_DonorD,17,0.229102167,0.025154799,0.089202786,0.015286378,0.116099071,0.185758514,0
UTK_DonorD,16,0.689655172,0.027586207,0.04137931,0,0.110344828,0.048275862,0
UTK_DonorD,15,0.662233112,0.056702835,0.272313616,0.001750088,0.003500175,0.0007,0
UTK_DonorD,14,0.688822229,0.01926113,0.28607515,0,0.001578781,0.002210294,0
UTK_DonorD,13,0.711324064,0.030690217,0.229111863,0.000939,0.008079669,0.00789177,0.000125
UTK_DonorD,12,0.852336048,0.043506215,0.056900986,0.001821689,0.009001286,0.014894985,0
UTK_DonorD,11,0.685463241,0.092425759,0.183628073,0.009120231,0.005894784,0.007674341,0
UTK_DonorD,10,0.752933673,0.166135204,0.047130102,0.024298469,0.002806122,0.001530612,0
UTK_DonorD,9,0.581535407,0.19358041,0.097882197,0.036267373,0.01833223,0.027862343,0
UTK_DonorD,8,0.801430143,0.104180418,0.025522552,0.043784378,0.022112211,0.00022,0
UTK_DonorD,7,0.551456311,0.31493652,0.050261389,0.028902166,0.049514563,0.002165795,0
UTK_DonorD,6,0.592010412,0.278634361,0.033039648,0.049959952,0.040348418,0.001802163,0
UTK_DonorD,5,0.500115687,0.204130032,0.049398427,0.09359093,0.132461823,0.00821379,0
UTK_DonorD,4,0.434721774,0.161554192,0.016252287,0.030890109,0.343988806,0.002690776,0
UTK_DonorD,3,0.24031171,0.263584667,0.02485257,0.036331087,0.413858467,0.007792755,0
UTK_DonorD,2,0.316023392,0.305146199,0.020818713,0.031111111,0.295438596,0.015789474,0
UTK_DonorD,1,0.19161924,0.413943455,0.018817698,0.032816229,0.315861942,0.010602166,0
UTK_DonorE,21,0.014378145,0.950575126,0.001258088,0.013299784,0.018152408,0.000899,0
UTK_DonorE,20,0.58033033,0.397522523,0.001876877,0.00487988,0.012012012,0.002252252,0
UTK_DonorE,19,0.803834398,0.159488747,0.007502084,0.010836343,0.012781328,0.003889969,0
UTK_DonorE,18,0.606318957,0.229187563,0.088264794,0,0.050150451,0.012537613,0
UTK_DonorE,17,0.490378833,0.405291642,0.050210463,0.000902,0.040589296,0.000902,0
UTK_DonorE,16,0.599487179,0.234358974,0.052820513,0.003076923,0.028717949,0.030769231,0
UTK_DonorE,15,0.562116878,0.165508786,0.164895791,0.046383327,0.016346547,0.022476502,0
UTK_DonorE,14,0.656085079,0.159043659,0.061490485,0.014712938,0.027746682,0.027027027,0
UTK_DonorE,13,0.658344215,0.328388613,0.003917472,0.000679,0.002663881,0.001775921,0
UTK_DonorE,12,0.629520346,0.353187401,0.012557469,0.003979963,0.000137,0.000206,0
UTK_DonorE,11,0.675292318,0.287728117,0.0231013,0.012107966,0.000262,0.000175,0
UTK_DonorE,10,0.395282051,0.513230769,0.027692308,0.058871795,0,0,0
UTK_DonorE,9,0.3455278,0.407735697,0.056782165,0.178834273,0.002471125,0.001181843,0
UTK_DonorE,8,0.377512128,0.472626473,0.032311157,0.106635482,0.002772003,0.000347,0
UTK_DonorE,7,0.305068752,0.532353734,0.021299542,0.082906444,0.052305204,0.000404,0
UTK_DonorE,6,0.238690919,0.463858273,0.004530394,0.057204679,0.229832984,0.001284739,0
UTK_DonorE,5,0.217072496,0.3468456,0.009961262,0.071596569,0.348851688,0,0
UTK_DonorE,4,0.423586692,0.387611577,0.007032729,0.02623749,0.152015147,0,0
UTK_DonorE,3,0.195868316,0.305236412,0.004418913,0.030821918,0.451833849,0.002761821,0
UTK_DonorE,2,0.209915383,0.295400304,0.002386635,0.022998481,0.466478629,0.000217,0
UTK_DonorE,1,0.38864708,0.134385201,0.035908596,0.007979688,0.423104824,0.004533914,0
UTK_DonorF,21,0.384615385,0,0.307692308,0,0.153846154,0,0
UTK_DonorF,20,0.359084406,0.26323319,0.158798283,0.028612303,0.057224607,0.075822604,0
UTK_DonorF,19,0.549215217,0.147113594,0.089252461,0.032721468,0.051210428,0.0716946,0
UTK_DonorF,18,0.305755925,0.104151332,0.133078169,0.010746357,0.098483733,0.140953923,0
UTK_DonorF,17,0.284954811,0.0897395,0.150239234,0.005847953,0.139287613,0.137161085,0.000213
UTK_DonorF,16,0.20542293,0.128057766,0.055702918,0.006336575,0.177718833,0.167108753,0
UTK_DonorF,15,0.48267009,0.128369705,0.24775353,0.003851091,0.065468549,0.032092426,0
UTK_DonorF,14,0.386478305,0.373360242,0.202825429,0.008857495,0.013342303,0.007399933,0
UTK_DonorF,13,0.274485533,0.503945536,0.213832585,0.004641807,0.001701996,0.000464,0
UTK_DonorF,12,0.293432348,0.652949993,0.046191579,0.004019621,0.001226325,0.000409,0
UTK_DonorF,11,0.331209411,0.580566107,0.033758118,0.04086509,0.001899277,0.000123,0
UTK_DonorF,10,0.280959752,0.617956656,0.025851393,0.040557276,0.009133127,0.008204334,0
UTK_DonorF,9,0.362407439,0.427587395,0.024625452,0.12975719,0.005941106,0.012226623,0
UTK_DonorF,8,0.462085165,0.2973559,0.018671324,0.170571583,0.018791785,0.006926459,0
UTK_DonorF,7,0.427989695,0.332086761,0.02027757,0.181833292,0.009598604,0.003739716,0
UTK_DonorF,6,0.446046392,0.340189671,0.033833141,0.160066641,0.005638857,0.00121748,0
UTK_DonorF,5,0.424760602,0.331942544,0.031805746,0.160328317,0.021340629,0.004787962,0
UTK_DonorF,4,0.296959547,0.478484927,0.011852615,0.16065447,0.029502705,0.001545993,0
UTK_DonorF,3,0.183304914,0.549992249,0.016121532,0.175709192,0.040303829,0.005115486,0
UTK_DonorF,2,0.423992589,0.235849931,0.089207967,0.137471051,0.064103752,0.007966651,0
UTK_DonorF,1,0.38983962,0.170862826,0.011826897,0.140668399,0.27381059,0.000448,0
UTK_DonorG,21,0.287581699,0.22875817,0.045751634,0,0.078431373,0.261437908,0
UTK_DonorG,20,0.704885162,0.170524973,0.032810791,0.012395188,0.029620853,0.025428363,0
UTK_DonorG,19,0.397211833,0.366201972,0.021761306,0.009928596,0.05916355,0.047466848,0
UTK_DonorG,18,0.66168717,0.266256591,0.038957235,0.013473931,0.005565319,0.007029877,0
UTK_DonorG,17,0.260644258,0.729621849,0.003571429,0.00077,0.001540616,0.00098,0
UTK_DonorG,16,0.200912663,0.795918367,0.001394347,0.00107745,0.000254,0.00019,0
UTK_DonorG,15,0.232866144,0.761347563,0.002828854,0.002571686,0.000129,0,0
UTK_DonorG,14,0.082399573,0.907081332,0.004344843,0.004421069,0,0.00061,0
UTK_DonorG,13,0.363839286,0.548675115,0.00828053,0.0734447,0.001512097,0.000648,0
UTK_DonorG,12,0.364959605,0.513053348,0.013821192,0.09795019,0.001201843,0.001335381,0
UTK_DonorG,11,0.357100448,0.562206509,0.016030658,0.05419118,0.001673234,0.001511308,0
UTK_DonorG,10,0.279829622,0.580956489,0.022052084,0.088154419,0.005984795,0.005499542,0.000108
UTK_DonorG,9,0.337755599,0.539313535,0.016735638,0.072297955,0.008276534,0.006937683,0
UTK_DonorG,8,0.343329886,0.555635988,0.018717684,0.05770424,0.00868666,0.005584281,0
UTK_DonorG,7,0.266125647,0.629634812,0.015880789,0.066461452,0.009794319,0.002028823,0
UTK_DonorG,6,0.446780809,0.410910748,0.041859254,0.070047523,0.011066988,0.004231495,0
UTK_DonorG,5,0.22561916,0.619976413,0.017508845,0.079470199,0.034382654,0.004354531,0
UTK_DonorG,4,0.256653135,0.548218313,0.031123139,0.093279206,0.027695083,0.012539468,0.000271
UTK_DonorG,3,0.18424813,0.65545936,0.013448769,0.085147516,0.023703455,0.008909809,0
UTK_DonorG,2,0.268227539,0.590100585,0.012615787,0.067795647,0.025288401,0.008637836,0.000114
UTK_DonorG,1,0.150861105,0.675687766,0.012301499,0.089465444,0.030418251,0.007157236,0
UTK_DonorH,21,0.081527778,0.0325,0.065416667,0.001944444,0.331527778,0.193472222,0.000278
UTK_DonorH,20,0.196947811,0.015637757,0.071657351,0.002323683,0.150474157,0.216479307,0.000126
UTK_DonorH,19,0.436715081,0.045975756,0.031342143,0.000218,0.125477777,0.138145681,0
UTK_DonorH,18,0.515410706,0.282996608,0.077495945,0.001179767,0.037088925,0.034803126,0
UTK_DonorH,17,0.568004358,0.117759216,0.091883058,0.005084438,0.053658979,0.063464681,0
UTK_DonorH,16,0.687262777,0.085179628,0.043869715,0.008915173,0.045193751,0.063200636,0.000353
UTK_DonorH,15,0.469125214,0.456089194,0.060377358,0.005231561,0.002915952,0.002744425,0
UTK_DonorH,14,0.551983103,0.317531096,0.035046546,0.03191739,0.009622154,0.01634984,0
UTK_DonorH,13,0.347379888,0.389576883,0.041394336,0.100619195,0.022818484,0.02711845,0
UTK_DonorH,12,0.281820776,0.474457763,0.039169521,0.132277397,0.01298516,0.018478881,0
UTK_DonorH,11,0.391840237,0.375770341,0.044699275,0.151337858,0.008268976,0.006630782,0
UTK_DonorH,10,0.297997893,0.425289779,0.045170355,0.123990165,0.026554268,0.020793818,0
UTK_DonorH,9,0.309233705,0.417351732,0.07479448,0.13755138,0.01233118,0.010129184,0
UTK_DonorH,8,0.293380802,0.439609705,0.055907173,0.145701477,0.013976793,0.015690928,0
UTK_DonorH,7,0.283163473,0.32792499,0.110476967,0.212229923,0.015246637,0.009947004,0
UTK_DonorH,6,0.246175523,0.426395598,0.095343532,0.180220075,0.011339238,0.008185722,0
UTK_DonorH,5,0.176773843,0.608872609,0.054538055,0.13024013,0.006240673,0.00298467,0
UTK_DonorH,4,0.181700062,0.507146276,0.134582507,0.155918758,0.003008958,0.003419271,0
UTK_DonorH,3,0.22679109,0.500060205,0.046478025,0.139975918,0.017700181,0.01487056,0
UTK_DonorH,2,0.26691496,0.486421477,0.024829299,0.174115456,0.020251397,0.002793296,0
UTK_DonorH,1,0.215581098,0.403895275,0.062899106,0.243614304,0.024521073,0.007535121,0
UTK_DonorI,21,0.06937799,0.263157895,0.011961722,0.088516746,0.370813397,0.040669856,0
UTK_DonorI,20,0.219230769,0.392094017,0.025,0.084401709,0.179059829,0.024358974,0
UTK_DonorI,19,0.310070306,0.235525227,0.060070306,0.040322581,0.120864351,0.089846981,0
UTK_DonorI,18,0.29704573,0.489437475,0.058599757,0.016916228,0.033994334,0.035451234,0
UTK_DonorI,17,0.381585221,0.434445769,0.122765197,0.026102503,0.00727056,0.008283671,0
UTK_DonorI,16,0.4,0.378723404,0.127659574,0.034042553,0.008510638,0.017021277,0
UTK_DonorI,15,0.165180074,0.80907102,0.006900034,0.009171996,0.001178055,0.002271962,0
UTK_DonorI,14,0.11240847,0.852826704,0.004221914,0.013457352,0.003364338,0.00382611,0
UTK_DonorI,13,0.178263329,0.761278461,0.014495828,0.017960684,0.005869043,0.00572762,0
UTK_DonorI,12,0.227761561,0.575587648,0.039099708,0.056844369,0.022507298,0.018512828,0
UTK_DonorI,11,0.368660419,0.420893054,0.057400772,0.090063396,0.005650496,0.00682194,0
UTK_DonorI,10,0.244288636,0.523166813,0.061291265,0.113935145,0.011276658,0.0057844,0
UTK_DonorI,9,0.170380079,0.606690383,0.040691506,0.123572365,0.01098421,0.009798415,0
UTK_DonorI,8,0.175381264,0.626815541,0.039760349,0.099037763,0.022512709,0.009350036,0
UTK_DonorI,7,0.127617709,0.624314828,0.062965566,0.139564301,0.008011244,0.007308503,0
UTK_DonorI,6,0.150290698,0.646124031,0.00629845,0.142054264,0.015988372,0.009593023,0
UTK_DonorI,5,0.143501353,0.658883656,0.017937669,0.123960317,0.013929251,0.009620202,0
UTK_DonorI,4,0.120701027,0.736266843,0.014510506,0.088099501,0.013945162,0.006313012,0
UTK_DonorI,3,0.142857143,0.637523531,0.011085547,0.161472495,0.023007739,0.008784773,0
UTK_DonorI,2,0.050713154,0.89451664,0.004500792,0.035309033,0.003930269,0.002408875,0
UTK_DonorI,1,0.19801891,0.599369653,0.026204412,0.130211616,0.008644755,0.005583071,0
UTK_DonorJ,21,0.107105809,0.070020747,0.100622407,0.048495851,0.189315353,0.290975104,0.001815353
UTK_DonorJ,20,0.206636501,0.066365008,0.073906486,0.031674208,0.170437406,0.212669683,0
UTK_DonorJ,19,0.566502463,0.17364532,0.146551724,0.018472906,0.062807882,0.003694581,0
UTK_DonorJ,18,0.481300383,0.041628122,0.110347562,0.001057222,0.095017841,0.152239989,0.001189375
UTK_DonorJ,17,0.629011071,0.042409458,0.082097955,0.152279977,0.02167386,0.051792081,0.000375
UTK_DonorJ,16,0.720578762,0.059313215,0.073584064,0.023338784,0.03528071,0.063079134,9.91E-05
UTK_DonorJ,15,0.728339083,0.062099556,0.045046821,0.001774273,0.038245441,0.058649581,0.000296
UTK_DonorJ,14,0.839855955,0.032145316,0.100884393,0.002594927,0.005136896,0.016205052,0
UTK_DonorJ,13,0.845427286,0.098950525,0.032633683,0.013493253,0.004797601,0.001449275,0
UTK_DonorJ,12,0.876861241,0.117383758,0.003653969,0.001461588,0.000274,0,0
UTK_DonorJ,11,0.708389752,0.271191031,0.006878622,0.012186535,0.000108,0.000217,0
UTK_DonorJ,10,0.77959513,0.168255831,0.042834091,0.008214757,0.000147,0.000733,0
UTK_DonorJ,9,0.802389504,0.070732244,0.097119402,0.027633219,0,0.000147,0
UTK_DonorJ,8,0.738470191,0.169150731,0.033464567,0.051040495,0.001124859,0.001124859,0
UTK_DonorJ,7,0.769882068,0.138645298,0.045963109,0.041880859,0.00136075,0.000755972,0
UTK_DonorJ,6,0.719527337,0.187285294,0.055564753,0.031207318,0.001738339,0.001365838,0
UTK_DonorJ,5,0.68914974,0.192453062,0.079494822,0.034508189,0.001382786,0.000645,0
UTK_DonorJ,4,0.661798487,0.171987945,0.100461529,0.042485933,0.005395039,0.008492972,0
UTK_DonorJ,3,0.645419732,0.202912426,0.08712083,0.046911216,0.004837247,0.006399274,0.000101
UTK_DonorJ,2,0.592865852,0.244568106,0.108262732,0.043955357,0.003251321,0.002250914,0
UTK_DonorJ,1,0.601256106,0.182903001,0.116887648,0.069295185,0.007745987,0.0068388,0
UTK_DonorK,21,0.177631579,0.131578947,0.111842105,0,0.151315789,0.269736842,0
UTK_DonorK,20,0.177631579,0.131578947,0.111842105,0,0.151315789,0.269736842,0
UTK_DonorK,19,0.283168317,0.182178218,0.089108911,0.025742574,0.089108911,0.158415842,0
UTK_DonorK,18,0.437921668,0.13449575,0.058880224,0.011040042,0.100762289,0.098221327,0
UTK_DonorK,17,0.634081146,0.271121718,0.070548926,0.017565632,0.001145585,0.001813842,0
UTK_DonorK,16,0.674697769,0.111612464,0.177932913,0.005533799,0.01285544,0.006129746,0
UTK_DonorK,15,0.921073095,0.058709176,0.012830482,0.00311042,0.001360809,0,0
UTK_DonorK,14,0.560803167,0.131645928,0.30260181,0.001979638,0.001696833,0,0
UTK_DonorK,13,0.599350549,0.286325447,0.104272976,0.002164837,0.007113035,0.000103,0
UTK_DonorK,12,0.595816672,0.243540449,0.143955706,0.008074439,0.007151646,0.000231,0
UTK_DonorK,11,0.496333799,0.398917598,0.06590433,0.025925279,0.004059008,0.00349162,0
UTK_DonorK,10,0.27478915,0.674834739,0.038864828,0.011283337,0,0,0
UTK_DonorK,9,0.55575797,0.029342876,0.404619388,0.009824333,0,0.00013,0
UTK_DonorK,8,0.538211013,0.291903355,0.142619102,0.026584867,0,0,0
UTK_DonorK,7,0.526729007,0.141929738,0.284398509,0.042583609,0.00105463,0.000797,0
UTK_DonorK,6,0.459542188,0.114630468,0.380711561,0.041788661,0.000665,0.000488,0
UTK_DonorK,5,0.404863988,0.160331472,0.360223383,0.06564583,0.00154927,0.002522068,0
UTK_DonorK,4,0.422658055,0.135189289,0.406369337,0.028664372,0.002310122,0.001650087,0
UTK_DonorK,3,0.504837669,0.156034033,0.248425838,0.07362472,0.004085143,0.004423012,0
UTK_DonorK,2,0.449344125,0.146804354,0.350544237,0.03760815,0.006140106,0.004186436,0
UTK_DonorK,1,0.508335519,0.138350879,0.036414041,0.261978796,0.018019706,0.004420635,0
UTK_DonorL,21,0.177658761,0.008722265,0.105279265,0,0.118133129,0.282172915,0
UTK_DonorL,20,0.194202899,0.025745951,0.106734868,0,0.106393862,0.266325661,0
UTK_DonorL,19,0.839841819,0.083044983,0.01384083,0.005561048,0.029041028,0.009268413,0
UTK_DonorL,18,0.694500251,0.143395279,0.092541436,0.002009041,0.041687594,0.016323456,0
UTK_DonorL,17,0.846942149,0.059504132,0.055206612,0.004628099,0.01553719,0.008595041,0
UTK_DonorL,16,0.864628392,0.059870232,0.027133307,0.000393,0.045418797,0.0010814,0.000197
UTK_DonorL,15,0.921049933,0.066543628,0.001025326,0.001640521,0,0,0
UTK_DonorL,14,0.80666295,0.176191804,0.011290772,0.005157513,0.000348,0.000139,0
UTK_DonorL,13,0.821075227,0.128656454,0.039008684,0.009581423,0.0008,0.000254,0
UTK_DonorL,12,0.698537558,0.246122313,0.008530911,0.045258143,0,0.000332,0
UTK_DonorL,11,0.748087992,0.225025625,0.004967279,0.017661437,0,0.000158,0
UTK_DonorL,10,0.62302268,0.357537641,0.005717553,0.013340957,0,0,0
UTK_DonorL,9,0.731157911,0.219702229,0.011725681,0.034637044,0.000154,0.000231,0
UTK_DonorL,8,0.36714397,0.399556647,0.039122881,0.191240788,0,0.000599,0
UTK_DonorL,7,0.154532578,0.55276204,0.019098206,0.267610954,0.00059,0.000567,0
UTK_DonorL,6,0.362339854,0.299897792,0.011860902,0.312115234,0.000713,0.001140928,0
UTK_DonorL,5,0.441210287,0.221341402,0.030943016,0.28512355,0.002662632,0.003630862,0
UTK_DonorL,4,0.400277598,0.242583511,0.054705284,0.263107245,0.009549366,0.010641251,3.70E-05
UTK_DonorL,3,0.665177721,0.118424117,0.034697377,0.167961556,0.002540381,0.002349853,8.47E-05
UTK_DonorL,2,0.38049609,0.154467376,0.05816562,0.388027176,0.00294834,0.001794642,0
UTK_DonorL,1,0.240202539,0.217104807,0.040438371,0.289241867,0.076576264,0.046126101,0
